Date;Time of day;Biomass[MWh];Hydropower[MWh];Wind offshore[MWh];Wind onshore[MWh];Photovoltaics[MWh];Other renewable[MWh];Nuclear[MWh];Fossil brown coal[MWh];Fossil hard coal[MWh];Fossil gas[MWh];Hydro pumped storage[MWh];Other conventional[MWh]
Jan 24, 2020;12:00 AM;1,225;358;776;749;0;50;2,024;3,747;3,469;2,244;32;301
Jan 24, 2020;12:15 AM;1,222;358;756;781;0;50;2,023;3,737;3,367;2,247;28;301
Jan 24, 2020;12:30 AM;1,224;349;744;799;0;50;2,023;3,739;3,270;2,245;8;300
Jan 24, 2020;12:45 AM;1,223;350;755;820;0;50;2,023;3,726;3,160;2,247;5;301
Jan 24, 2020;1:00 AM;1,220;351;729;829;0;50;2,024;3,729;3,077;2,284;20;301
Jan 24, 2020;1:15 AM;1,213;347;732;831;0;50;2,024;3,686;2,984;2,305;6;300
Jan 24, 2020;1:30 AM;1,220;346;711;853;0;50;2,024;3,665;2,930;2,290;6;300
Jan 24, 2020;1:45 AM;1,216;345;681;865;0;50;2,020;3,624;2,876;2,228;5;300
Jan 24, 2020;2:00 AM;1,219;347;662;880;0;50;2,022;3,586;2,797;2,209;6;300
Jan 24, 2020;2:15 AM;1,219;345;673;899;0;50;2,024;3,584;2,745;2,208;6;300
Jan 24, 2020;2:30 AM;1,221;343;655;936;0;50;2,022;3,579;2,705;2,205;10;300
Jan 24, 2020;2:45 AM;1,226;361;638;961;0;50;2,022;3,585;2,686;2,222;21;300
Jan 24, 2020;3:00 AM;1,225;369;641;993;0;50;2,024;3,560;2,646;2,235;25;300
Jan 24, 2020;3:15 AM;1,225;358;652;976;0;50;2,024;3,529;2,625;2,244;13;301
Jan 24, 2020;3:30 AM;1,218;375;662;982;0;50;2,023;3,466;2,660;2,234;24;301
Jan 24, 2020;3:45 AM;1,219;365;682;1,013;0;50;2,023;3,467;2,716;2,225;12;300
Jan 24, 2020;4:00 AM;1,218;363;717;1,028;0;50;2,024;3,490;2,764;2,236;11;301
Jan 24, 2020;4:15 AM;1,221;364;733;1,034;0;50;2,023;3,490;2,799;2,234;11;302
Jan 24, 2020;4:30 AM;1,220;372;750;1,045;0;50;2,023;3,494;2,854;2,244;12;301
Jan 24, 2020;4:45 AM;1,216;383;768;1,079;0;50;2,024;3,517;2,947;2,275;12;300
Jan 24, 2020;5:00 AM;1,220;373;802;1,112;0;50;2,020;3,522;3,105;2,377;10;300
Jan 24, 2020;5:15 AM;1,221;375;834;1,096;0;50;2,023;3,562;3,190;2,428;12;300
Jan 24, 2020;5:30 AM;1,223;376;839;1,130;0;50;2,024;3,575;3,340;2,438;12;300
Jan 24, 2020;5:45 AM;1,216;376;857;1,163;0;50;2,023;3,601;3,516;2,483;12;301
Jan 24, 2020;6:00 AM;1,226;356;875;1,192;0;50;2,019;3,601;3,765;2,582;55;301
Jan 24, 2020;6:15 AM;1,227;344;878;1,212;0;50;2,023;3,651;3,969;2,716;137;301
Jan 24, 2020;6:30 AM;1,220;361;909;1,262;0;50;2,023;3,677;4,099;2,790;137;303
Jan 24, 2020;6:45 AM;1,218;370;897;1,287;0;50;2,022;3,697;4,157;2,870;240;301
Jan 24, 2020;7:00 AM;1,221;354;873;1,319;0;50;2,021;3,692;4,198;2,925;269;303
Jan 24, 2020;7:15 AM;1,215;378;861;1,324;0;50;2,022;3,718;4,216;2,924;420;303
Jan 24, 2020;7:30 AM;1,217;380;851;1,348;0;50;2,023;3,730;4,227;2,922;618;309
Jan 24, 2020;7:45 AM;1,216;377;837;1,363;0;50;2,023;3,730;4,237;2,940;751;335
Jan 24, 2020;8:00 AM;1,215;377;784;1,351;13;50;2,022;3,734;4,254;2,961;1,082;341
Jan 24, 2020;8:15 AM;1,219;375;767;1,402;70;50;2,022;3,758;4,256;2,973;1,192;349
Jan 24, 2020;8:30 AM;1,221;367;738;1,394;169;50;2,022;3,758;4,255;2,964;1,262;345
Jan 24, 2020;8:45 AM;1,220;377;732;1,339;305;50;2,021;3,763;4,258;2,953;1,245;336
Jan 24, 2020;9:00 AM;1,218;384;747;1,288;449;50;2,022;3,762;4,261;2,939;1,238;318
Jan 24, 2020;9:15 AM;1,218;378;779;1,259;604;50;2,021;3,758;4,257;2,947;1,154;302
Jan 24, 2020;9:30 AM;1,229;373;804;1,259;763;50;2,021;3,758;4,253;2,947;1,035;301
Jan 24, 2020;9:45 AM;1,226;349;825;1,242;953;50;2,021;3,756;4,252;2,941;853;300
Jan 24, 2020;10:00 AM;1,227;358;801;1,220;1,139;50;2,021;3,762;4,258;2,911;772;306
Jan 24, 2020;10:15 AM;1,225;355;809;1,167;1,328;50;2,022;3,760;4,256;2,882;645;337
Jan 24, 2020;10:30 AM;1,218;348;804;1,116;1,504;50;2,022;3,757;4,222;2,848;540;368
Jan 24, 2020;10:45 AM;1,227;342;807;1,076;1,644;50;2,024;3,765;4,214;2,803;543;389
Jan 24, 2020;11:00 AM;1,229;360;804;1,068;1,835;50;2,024;3,754;4,237;2,772;787;394
Jan 24, 2020;11:15 AM;1,229;357;815;1,043;1,988;50;2,023;3,752;4,264;2,784;633;386
Jan 24, 2020;11:30 AM;1,227;361;798;1,037;2,107;50;2,023;3,760;4,266;2,768;512;387
Jan 24, 2020;11:45 AM;1,227;358;804;1,042;2,204;50;2,023;3,744;4,269;2,759;405;391
Jan 24, 2020;12:00 PM;1,222;366;838;1,048;2,315;50;2,022;3,743;4,271;2,760;402;390
Jan 24, 2020;12:15 PM;1,224;355;876;1,085;2,355;50;2,022;3,719;4,267;2,767;288;387
Jan 24, 2020;12:30 PM;1,227;348;917;1,110;2,390;50;2,022;3,713;4,244;2,756;280;386
Jan 24, 2020;12:45 PM;1,224;335;952;1,146;2,405;50;2,021;3,729;4,205;2,753;219;388
Jan 24, 2020;1:00 PM;1,228;343;981;1,170;2,371;50;2,021;3,738;4,173;2,735;180;390
Jan 24, 2020;1:15 PM;1,229;340;983;1,217;2,333;50;2,021;3,732;4,155;2,736;165;388
Jan 24, 2020;1:30 PM;1,229;350;952;1,249;2,257;50;2,021;3,736;4,149;2,729;121;389
Jan 24, 2020;1:45 PM;1,223;341;950;1,251;2,143;50;2,020;3,708;4,157;2,735;81;388
Jan 24, 2020;2:00 PM;1,225;350;975;1,285;2,010;50;2,020;3,709;4,189;2,729;146;388
Jan 24, 2020;2:15 PM;1,224;361;983;1,292;1,839;50;2,021;3,710;4,203;2,763;178;389
Jan 24, 2020;2:30 PM;1,225;361;992;1,302;1,650;50;2,021;3,708;4,226;2,771;197;386
Jan 24, 2020;2:45 PM;1,227;361;973;1,321;1,451;50;2,021;3,703;4,234;2,794;210;388
Jan 24, 2020;3:00 PM;1,228;363;967;1,311;1,231;50;2,020;3,703;4,219;2,870;181;389
Jan 24, 2020;3:15 PM;1,223;364;972;1,320;989;50;2,020;3,694;4,190;2,945;220;390
Jan 24, 2020;3:30 PM;1,224;374;927;1,344;756;50;2,020;3,690;4,205;2,955;380;388
Jan 24, 2020;3:45 PM;1,225;369;878;1,370;547;50;2,020;3,693;4,243;2,959;535;384
Jan 24, 2020;4:00 PM;1,225;361;864;1,404;355;50;2,020;3,694;4,269;2,955;397;389
Jan 24, 2020;4:15 PM;1,227;371;841;1,439;189;50;2,020;3,693;4,280;2,979;410;389
Jan 24, 2020;4:30 PM;1,225;371;848;1,444;81;50;2,020;3,701;4,284;3,001;503;390
Jan 24, 2020;4:45 PM;1,223;391;836;1,436;22;50;2,020;3,708;4,296;3,021;710;388
Jan 24, 2020;5:00 PM;1,227;372;807;1,464;1;50;2,020;3,699;4,320;3,029;698;389
Jan 24, 2020;5:15 PM;1,227;391;782;1,484;0;50;2,020;3,703;4,315;3,020;965;384
Jan 24, 2020;5:30 PM;1,225;400;775;1,499;0;50;2,020;3,695;4,316;3,038;1,144;381
Jan 24, 2020;5:45 PM;1,224;395;748;1,524;0;50;2,020;3,702;4,318;3,026;1,175;386
Jan 24, 2020;6:00 PM;1,231;374;732;1,543;0;50;2,020;3,698;4,311;3,021;954;387
Jan 24, 2020;6:15 PM;1,227;370;729;1,554;0;50;2,020;3,696;4,304;3,027;825;385
Jan 24, 2020;6:30 PM;1,226;367;732;1,579;0;50;2,021;3,694;4,286;3,019;723;385
Jan 24, 2020;6:45 PM;1,227;367;736;1,603;0;50;2,021;3,698;4,272;3,003;639;389
Jan 24, 2020;7:00 PM;1,232;383;747;1,649;0;50;2,021;3,697;4,255;2,981;935;381
Jan 24, 2020;7:15 PM;1,233;373;760;1,656;0;50;2,021;3,690;4,228;2,954;797;380
Jan 24, 2020;7:30 PM;1,235;372;740;1,639;0;50;2,021;3,692;4,165;2,903;726;389
Jan 24, 2020;7:45 PM;1,235;350;714;1,664;0;50;2,022;3,699;4,131;2,862;628;392
Jan 24, 2020;8:00 PM;1,236;364;703;1,664;0;50;2,022;3,707;4,100;2,788;583;392
Jan 24, 2020;8:15 PM;1,232;351;730;1,650;0;50;2,021;3,686;4,064;2,706;402;391
Jan 24, 2020;8:30 PM;1,235;343;710;1,687;0;50;2,021;3,685;4,000;2,621;165;390
Jan 24, 2020;8:45 PM;1,236;346;725;1,686;0;50;2,021;3,665;3,928;2,487;126;393
Jan 24, 2020;9:00 PM;1,236;352;737;1,673;0;50;2,021;3,637;3,826;2,343;155;393
Jan 24, 2020;9:15 PM;1,236;353;738;1,709;0;50;2,020;3,631;3,792;2,294;105;392
Jan 24, 2020;9:30 PM;1,234;346;742;1,738;0;50;2,021;3,629;3,719;2,240;29;392
Jan 24, 2020;9:45 PM;1,237;342;748;1,744;0;50;2,020;3,598;3,621;2,231;22;391
Jan 24, 2020;10:00 PM;1,237;367;749;1,709;0;50;2,022;3,583;3,553;2,212;108;390
Jan 24, 2020;10:15 PM;1,234;352;763;1,691;0;50;2,019;3,555;3,471;2,204;123;391
Jan 24, 2020;10:30 PM;1,233;348;780;1,698;0;50;2,021;3,569;3,312;2,154;81;391
Jan 24, 2020;10:45 PM;1,237;355;774;1,702;0;50;2,020;3,575;3,077;2,138;71;392
Jan 24, 2020;11:00 PM;1,241;378;760;1,695;0;50;2,022;3,576;2,934;2,125;35;389
Jan 24, 2020;11:15 PM;1,235;359;782;1,650;0;49;2,021;3,566;2,801;2,121;30;391
Jan 24, 2020;11:30 PM;1,237;356;811;1,620;0;49;2,021;3,571;2,571;2,115;49;392
Jan 24, 2020;11:45 PM;1,238;351;805;1,618;0;50;2,019;3,554;2,493;2,070;33;391
Jan 25, 2020;12:00 AM;1,235;367;804;1,594;0;50;2,022;3,570;2,420;2,099;95;390
Jan 25, 2020;12:15 AM;1,234;359;808;1,580;0;49;2,023;3,565;2,264;2,126;85;388
Jan 25, 2020;12:30 AM;1,232;356;803;1,551;0;50;2,022;3,583;2,157;2,100;53;389
Jan 25, 2020;12:45 AM;1,230;360;800;1,560;0;50;2,021;3,594;2,045;2,104;40;390
Jan 25, 2020;1:00 AM;1,226;356;765;1,560;0;48;2,024;3,637;2,004;2,032;29;387
Jan 25, 2020;1:15 AM;1,222;347;743;1,548;0;48;2,024;3,645;1,961;2,047;20;386
Jan 25, 2020;1:30 AM;1,223;348;709;1,521;0;48;2,023;3,659;1,905;2,039;22;385
Jan 25, 2020;1:45 AM;1,230;348;685;1,528;0;48;2,022;3,645;1,884;2,056;14;386
Jan 25, 2020;2:00 AM;1,227;359;676;1,520;0;48;2,024;3,622;1,884;2,075;21;387
Jan 25, 2020;2:15 AM;1,224;357;673;1,528;0;48;2,022;3,616;1,875;2,075;16;387
Jan 25, 2020;2:30 AM;1,224;357;662;1,504;0;48;2,023;3,621;1,896;2,047;6;389
Jan 25, 2020;2:45 AM;1,224;346;649;1,497;0;47;2,022;3,622;1,903;2,031;6;390
Jan 25, 2020;3:00 AM;1,220;343;626;1,485;0;47;2,023;3,617;1,915;2,000;9;388
Jan 25, 2020;3:15 AM;1,223;343;622;1,503;0;47;2,023;3,625;1,904;2,009;8;387
Jan 25, 2020;3:30 AM;1,219;346;628;1,495;0;47;2,023;3,628;1,894;1,997;6;388
Jan 25, 2020;3:45 AM;1,219;350;628;1,477;0;47;2,023;3,620;1,854;2,003;7;388
Jan 25, 2020;4:00 AM;1,222;351;613;1,466;0;47;2,023;3,617;1,804;1,968;7;390
Jan 25, 2020;4:15 AM;1,218;352;582;1,419;0;48;2,022;3,623;1,786;1,997;11;389
Jan 25, 2020;4:30 AM;1,219;354;572;1,362;0;47;2,024;3,625;1,803;1,950;10;390
Jan 25, 2020;4:45 AM;1,216;351;565;1,324;0;47;2,024;3,620;1,812;1,982;14;390
Jan 25, 2020;5:00 AM;1,218;349;558;1,287;0;47;2,024;3,630;1,795;1,986;12;388
Jan 25, 2020;5:15 AM;1,216;340;555;1,246;0;47;2,025;3,629;1,803;1,982;7;390
Jan 25, 2020;5:30 AM;1,217;344;560;1,214;0;47;2,025;3,646;1,780;1,994;12;388
Jan 25, 2020;5:45 AM;1,217;344;560;1,245;0;47;2,024;3,663;1,769;2,012;6;389
Jan 25, 2020;6:00 AM;1,218;346;578;1,237;0;47;2,023;3,664;1,810;1,985;15;383
Jan 25, 2020;6:15 AM;1,216;343;596;1,221;0;47;2,024;3,673;1,891;2,006;41;388
Jan 25, 2020;6:30 AM;1,213;355;616;1,194;0;48;2,024;3,673;1,968;2,017;17;388
Jan 25, 2020;6:45 AM;1,215;341;613;1,188;0;48;2,023;3,674;2,064;2,037;55;389
Jan 25, 2020;7:00 AM;1,219;330;627;1,182;0;48;2,019;3,667;2,105;2,130;19;389
Jan 25, 2020;7:15 AM;1,222;340;637;1,176;0;49;2,023;3,693;2,207;2,143;19;389
Jan 25, 2020;7:30 AM;1,222;333;633;1,145;0;50;2,023;3,703;2,327;2,183;63;392
Jan 25, 2020;7:45 AM;1,221;338;662;1,100;0;50;2,023;3,713;2,450;2,208;215;393
Jan 25, 2020;8:00 AM;1,222;330;686;1,082;13;50;2,020;3,701;2,590;2,206;136;392
Jan 25, 2020;8:15 AM;1,226;332;696;1,073;51;50;2,023;3,708;2,672;2,211;208;393
Jan 25, 2020;8:30 AM;1,225;332;700;1,040;108;50;2,024;3,700;2,732;2,208;455;395
Jan 25, 2020;8:45 AM;1,224;341;685;1,005;187;50;2,024;3,708;2,752;2,201;541;394
Jan 25, 2020;9:00 AM;1,224;343;674;975;291;50;2,023;3,727;2,715;2,216;637;393
Jan 25, 2020;9:15 AM;1,222;347;674;944;392;50;2,024;3,744;2,717;2,223;664;391
Jan 25, 2020;9:30 AM;1,232;348;679;926;510;50;2,024;3,738;2,722;2,161;807;392
Jan 25, 2020;9:45 AM;1,230;346;671;940;649;50;2,024;3,717;2,734;2,116;843;389
Jan 25, 2020;10:00 AM;1,232;347;663;937;766;50;2,025;3,716;2,731;2,107;1,058;386
Jan 25, 2020;10:15 AM;1,231;354;657;918;873;50;2,024;3,712;2,736;2,119;939;392
Jan 25, 2020;10:30 AM;1,232;355;644;892;975;50;2,025;3,710;2,737;2,111;907;393
Jan 25, 2020;10:45 AM;1,231;367;667;876;1,086;50;2,024;3,708;2,746;2,124;781;392
Jan 25, 2020;11:00 AM;1,232;363;709;863;1,178;50;2,025;3,680;2,760;2,111;466;391
Jan 25, 2020;11:15 AM;1,232;364;740;875;1,237;50;2,025;3,676;2,762;2,113;427;392
Jan 25, 2020;11:30 AM;1,230;364;772;844;1,303;50;2,024;3,691;2,762;2,109;402;391
Jan 25, 2020;11:45 AM;1,230;342;785;846;1,365;50;2,023;3,687;2,740;2,111;301;392
Jan 25, 2020;12:00 PM;1,229;325;805;844;1,428;50;2,023;3,707;2,678;2,111;236;393
Jan 25, 2020;12:15 PM;1,231;321;823;840;1,435;50;2,023;3,703;2,668;2,105;201;391
Jan 25, 2020;12:30 PM;1,234;321;811;829;1,440;50;2,023;3,697;2,655;2,110;200;386
Jan 25, 2020;12:45 PM;1,233;332;829;827;1,431;50;2,022;3,704;2,639;2,107;151;388
Jan 25, 2020;1:00 PM;1,236;347;869;816;1,414;50;2,023;3,710;2,613;2,095;186;392
Jan 25, 2020;1:15 PM;1,232;330;893;789;1,380;50;2,022;3,720;2,601;2,099;95;394
Jan 25, 2020;1:30 PM;1,237;330;872;775;1,294;50;2,021;3,724;2,586;2,093;81;394
Jan 25, 2020;1:45 PM;1,238;330;841;763;1,218;50;2,020;3,728;2,586;2,116;66;393
Jan 25, 2020;2:00 PM;1,235;339;853;744;1,149;50;2,022;3,760;2,605;2,112;98;393
Jan 25, 2020;2:15 PM;1,233;342;896;730;1,061;50;2,021;3,766;2,605;2,113;88;392
Jan 25, 2020;2:30 PM;1,238;343;901;711;956;50;2,021;3,771;2,600;2,111;82;392
Jan 25, 2020;2:45 PM;1,235;351;887;686;841;50;2,020;3,779;2,592;2,118;127;391
Jan 25, 2020;3:00 PM;1,236;344;873;708;727;50;2,019;3,776;2,602;2,107;62;392
Jan 25, 2020;3:15 PM;1,231;343;879;683;603;50;2,019;3,775;2,607;2,116;75;392
Jan 25, 2020;3:30 PM;1,235;343;860;657;477;50;2,019;3,780;2,624;2,112;111;386
Jan 25, 2020;3:45 PM;1,236;336;871;631;355;50;2,019;3,824;2,639;2,116;156;382
Jan 25, 2020;4:00 PM;1,240;339;890;638;241;50;2,020;3,863;2,703;2,105;175;389
Jan 25, 2020;4:15 PM;1,240;339;892;667;143;50;2,020;3,875;2,746;2,116;146;389
Jan 25, 2020;4:30 PM;1,241;344;853;703;65;50;2,020;3,869;2,769;2,108;356;391
Jan 25, 2020;4:45 PM;1,239;372;869;710;18;50;2,020;3,878;2,773;2,117;428;378
Jan 25, 2020;5:00 PM;1,238;360;875;678;2;50;2,016;3,890;2,778;2,116;264;385
Jan 25, 2020;5:15 PM;1,238;375;873;657;0;50;2,017;3,901;2,784;2,123;502;391
Jan 25, 2020;5:30 PM;1,237;381;866;658;0;50;2,018;3,903;2,781;2,114;842;390
Jan 25, 2020;5:45 PM;1,234;392;888;644;0;50;2,017;3,910;2,781;2,117;904;387
Jan 25, 2020;6:00 PM;1,233;394;903;642;0;50;2,017;3,892;2,780;2,109;1,162;390
Jan 25, 2020;6:15 PM;1,235;387;922;645;0;50;2,017;3,902;2,780;2,109;1,067;390
Jan 25, 2020;6:30 PM;1,232;381;955;667;0;50;2,016;3,893;2,779;2,098;1,059;390
Jan 25, 2020;6:45 PM;1,231;392;966;687;0;50;2,017;3,901;2,777;2,099;886;391
Jan 25, 2020;7:00 PM;1,239;393;965;686;0;50;2,017;3,907;2,785;2,094;958;391
Jan 25, 2020;7:15 PM;1,240;389;958;690;0;50;2,017;3,892;2,773;2,111;744;391
Jan 25, 2020;7:30 PM;1,239;364;975;703;0;50;2,016;3,894;2,759;2,109;569;390
Jan 25, 2020;7:45 PM;1,246;330;991;710;0;50;2,015;3,897;2,736;2,123;455;391
Jan 25, 2020;8:00 PM;1,246;337;995;716;0;50;2,018;3,899;2,725;2,115;369;392
Jan 25, 2020;8:15 PM;1,246;338;1,023;723;0;50;2,017;3,876;2,720;2,123;111;391
Jan 25, 2020;8:30 PM;1,245;332;1,070;734;0;50;2,016;3,870;2,695;2,087;64;392
Jan 25, 2020;8:45 PM;1,245;328;1,110;736;0;50;2,018;3,852;2,673;2,077;55;393
Jan 25, 2020;9:00 PM;1,246;346;1,097;753;0;50;2,019;3,863;2,668;2,068;91;394
Jan 25, 2020;9:15 PM;1,248;336;1,066;771;0;50;2,018;3,875;2,599;2,075;26;392
Jan 25, 2020;9:30 PM;1,240;339;1,047;784;0;50;2,019;3,884;2,535;2,070;24;392
Jan 25, 2020;9:45 PM;1,245;339;1,024;786;0;50;2,018;3,873;2,479;2,072;21;391
Jan 25, 2020;10:00 PM;1,244;350;1,044;792;0;50;2,020;3,877;2,435;2,067;76;392
Jan 25, 2020;10:15 PM;1,241;351;1,026;817;0;50;2,018;3,873;2,359;2,068;45;394
Jan 25, 2020;10:30 PM;1,245;350;1,028;829;0;50;2,019;3,882;2,288;2,066;49;392
Jan 25, 2020;10:45 PM;1,241;330;1,055;810;0;50;2,019;3,860;2,138;2,061;21;391
Jan 25, 2020;11:00 PM;1,241;330;1,067;800;0;50;2,021;3,897;2,031;2,072;70;392
Jan 25, 2020;11:15 PM;1,242;335;1,071;788;0;50;2,019;3,903;1,936;2,074;64;391
Jan 25, 2020;11:30 PM;1,242;338;1,065;799;0;50;2,019;3,900;1,732;2,080;60;392
Jan 25, 2020;11:45 PM;1,241;337;1,061;811;0;50;2,019;3,783;1,646;1,995;99;394
Jan 26, 2020;12:00 AM;1,237;358;1,054;807;0;49;2,022;3,658;1,414;1,785;111;392
Jan 26, 2020;12:15 AM;1,234;350;1,030;805;0;50;2,021;3,607;1,325;1,624;147;389
Jan 26, 2020;12:30 AM;1,234;356;1,016;797;0;49;2,021;3,475;1,294;1,554;154;392
Jan 26, 2020;12:45 AM;1,233;356;1,038;779;0;49;2,020;3,241;1,288;1,566;228;391
Jan 26, 2020;1:00 AM;1,236;359;1,050;763;0;49;2,021;3,158;1,263;1,563;159;389
Jan 26, 2020;1:15 AM;1,233;357;1,034;768;0;49;2,021;3,122;1,270;1,571;116;391
Jan 26, 2020;1:30 AM;1,226;358;1,004;786;0;49;2,020;3,092;1,268;1,561;81;390
Jan 26, 2020;1:45 AM;1,226;357;935;779;0;49;2,021;3,019;1,265;1,567;66;389
Jan 26, 2020;2:00 AM;1,229;363;899;775;0;49;2,022;2,929;1,244;1,561;112;388
Jan 26, 2020;2:15 AM;1,226;349;891;773;0;49;2,021;2,846;1,233;1,568;99;390
Jan 26, 2020;2:30 AM;1,227;347;907;765;0;49;2,020;2,789;1,234;1,561;94;389
Jan 26, 2020;2:45 AM;1,224;344;943;751;0;49;2,020;2,709;1,200;1,536;74;384
Jan 26, 2020;3:00 AM;1,224;342;946;762;0;49;2,022;2,633;1,041;1,488;33;389
Jan 26, 2020;3:15 AM;1,224;341;926;781;0;49;2,022;2,599;971;1,474;32;393
Jan 26, 2020;3:30 AM;1,223;343;894;785;0;49;2,023;2,599;961;1,468;47;391
Jan 26, 2020;3:45 AM;1,222;340;886;789;0;49;2,022;2,598;960;1,471;34;392
Jan 26, 2020;4:00 AM;1,217;339;857;796;0;49;2,023;2,619;964;1,455;47;391
Jan 26, 2020;4:15 AM;1,221;339;820;840;0;49;2,022;2,653;956;1,461;49;392
Jan 26, 2020;4:30 AM;1,218;335;778;877;0;49;2,022;2,679;950;1,459;47;392
Jan 26, 2020;4:45 AM;1,217;329;786;888;0;49;2,022;2,722;952;1,464;45;392
Jan 26, 2020;5:00 AM;1,219;324;818;888;0;49;2,022;2,781;961;1,472;84;392
Jan 26, 2020;5:15 AM;1,216;322;841;892;0;49;2,022;2,806;962;1,479;52;391
Jan 26, 2020;5:30 AM;1,216;321;829;890;0;49;2,022;2,811;962;1,479;46;392
Jan 26, 2020;5:45 AM;1,217;317;808;908;0;50;2,023;2,821;974;1,472;32;391
Jan 26, 2020;6:00 AM;1,219;317;786;933;0;50;2,023;2,822;996;1,460;47;391
Jan 26, 2020;6:15 AM;1,218;317;769;952;0;50;2,023;2,815;996;1,475;42;390
Jan 26, 2020;6:30 AM;1,213;318;748;954;0;50;2,024;2,823;998;1,471;49;390
Jan 26, 2020;6:45 AM;1,213;322;758;971;0;50;2,024;2,836;1,006;1,484;57;392
Jan 26, 2020;7:00 AM;1,215;323;798;971;0;50;2,022;2,839;1,095;1,471;35;390
Jan 26, 2020;7:15 AM;1,218;324;857;979;0;50;2,022;2,878;1,114;1,484;27;391
Jan 26, 2020;7:30 AM;1,221;328;888;978;0;50;2,022;2,933;1,134;1,490;34;391
Jan 26, 2020;7:45 AM;1,219;338;882;986;1;50;2,022;3,026;1,148;1,508;79;389
Jan 26, 2020;8:00 AM;1,219;317;860;987;15;50;2,021;3,107;1,274;1,543;60;391
Jan 26, 2020;8:15 AM;1,222;320;846;1,025;59;50;2,020;3,171;1,310;1,547;53;393
Jan 26, 2020;8:30 AM;1,220;319;849;1,049;131;50;2,020;3,185;1,322;1,546;140;393
Jan 26, 2020;8:45 AM;1,219;309;878;1,054;238;50;2,020;3,188;1,364;1,557;141;392
Jan 26, 2020;9:00 AM;1,222;318;913;1,027;366;50;2,018;3,140;1,503;1,558;229;391
Jan 26, 2020;9:15 AM;1,220;307;905;1,028;501;50;2,019;3,090;1,524;1,560;387;391
Jan 26, 2020;9:30 AM;1,224;304;912;1,044;635;50;2,020;3,077;1,530;1,577;368;392
Jan 26, 2020;9:45 AM;1,229;308;915;1,054;780;50;2,020;3,091;1,547;1,579;316;394
Jan 26, 2020;10:00 AM;1,230;300;899;1,081;906;50;2,019;3,085;1,562;1,591;170;392
Jan 26, 2020;10:15 AM;1,228;299;870;1,115;1,040;50;2,019;3,070;1,566;1,585;141;391
Jan 26, 2020;10:30 AM;1,228;296;872;1,131;1,168;50;2,019;3,071;1,548;1,582;135;389
Jan 26, 2020;10:45 AM;1,229;295;923;1,107;1,313;50;2,018;3,075;1,486;1,583;116;391
Jan 26, 2020;11:00 AM;1,232;297;935;1,046;1,445;50;2,019;3,091;1,437;1,590;118;392
Jan 26, 2020;11:15 AM;1,230;301;977;1,061;1,563;50;2,019;3,082;1,408;1,585;120;391
Jan 26, 2020;11:30 AM;1,231;309;984;1,094;1,681;50;2,018;3,084;1,390;1,578;176;391
Jan 26, 2020;11:45 AM;1,233;297;963;1,084;1,729;50;2,017;3,084;1,397;1,584;139;393
Jan 26, 2020;12:00 PM;1,230;297;946;1,078;1,791;50;2,018;3,137;1,408;1,577;178;393
Jan 26, 2020;12:15 PM;1,230;307;942;1,092;1,833;50;2,017;3,181;1,383;1,576;148;392
Jan 26, 2020;12:30 PM;1,231;307;939;1,088;1,847;50;2,017;3,196;1,313;1,578;135;393
Jan 26, 2020;12:45 PM;1,233;306;927;1,083;1,855;50;2,017;3,193;1,286;1,568;117;392
Jan 26, 2020;1:00 PM;1,233;317;917;1,057;1,841;50;2,017;3,194;1,255;1,529;56;391
Jan 26, 2020;1:15 PM;1,233;308;911;1,017;1,809;50;2,014;3,180;1,231;1,531;8;392
Jan 26, 2020;1:30 PM;1,236;308;894;1,015;1,769;50;2,015;3,184;1,210;1,530;2;391
Jan 26, 2020;1:45 PM;1,231;306;855;1,022;1,705;50;2,015;3,191;1,211;1,529;2;394
Jan 26, 2020;2:00 PM;1,234;308;832;1,011;1,625;50;2,016;3,189;1,247;1,522;8;394
Jan 26, 2020;2:15 PM;1,234;306;795;1,009;1,501;50;2,014;3,192;1,263;1,528;12;395
Jan 26, 2020;2:30 PM;1,235;320;778;995;1,358;50;2,014;3,196;1,270;1,517;18;395
Jan 26, 2020;2:45 PM;1,239;314;782;995;1,199;50;2,012;3,184;1,269;1,534;46;395
Jan 26, 2020;3:00 PM;1,239;310;769;996;1,033;50;2,014;3,186;1,273;1,552;74;395
Jan 26, 2020;3:15 PM;1,238;308;778;1,019;865;50;2,014;3,186;1,305;1,567;77;395
Jan 26, 2020;3:30 PM;1,238;306;800;1,050;694;50;2,014;3,188;1,324;1,572;88;398
Jan 26, 2020;3:45 PM;1,239;312;784;1,112;530;50;2,013;3,180;1,355;1,581;121;396
Jan 26, 2020;4:00 PM;1,239;299;736;1,177;374;50;2,012;3,141;1,357;1,587;188;394
Jan 26, 2020;4:15 PM;1,239;299;717;1,276;233;50;2,014;3,142;1,367;1,591;241;395
Jan 26, 2020;4:30 PM;1,236;308;732;1,342;116;50;2,014;3,147;1,405;1,587;300;397
Jan 26, 2020;4:45 PM;1,237;313;767;1,440;38;50;2,012;3,141;1,440;1,590;393;398
Jan 26, 2020;5:00 PM;1,237;310;781;1,546;3;50;2,008;3,085;1,481;1,583;300;398
Jan 26, 2020;5:15 PM;1,235;317;785;1,675;0;50;2,012;3,099;1,495;1,593;611;398
Jan 26, 2020;5:30 PM;1,239;320;812;1,796;0;50;2,012;3,095;1,472;1,587;796;398
Jan 26, 2020;5:45 PM;1,239;321;847;1,894;0;50;2,013;3,097;1,488;1,588;839;398
Jan 26, 2020;6:00 PM;1,241;318;849;2,013;0;50;2,010;3,124;1,530;1,564;1,250;398
Jan 26, 2020;6:15 PM;1,240;313;866;2,123;0;50;2,011;3,139;1,539;1,573;1,095;398
Jan 26, 2020;6:30 PM;1,239;305;860;2,221;0;50;2,012;3,142;1,563;1,570;948;398
Jan 26, 2020;6:45 PM;1,243;294;865;2,336;0;50;2,011;3,149;1,616;1,569;796;398
Jan 26, 2020;7:00 PM;1,244;305;861;2,398;0;50;2,012;3,166;1,642;1,554;812;398
Jan 26, 2020;7:15 PM;1,240;306;900;2,441;0;50;2,012;3,166;1,648;1,563;525;398
Jan 26, 2020;7:30 PM;1,238;309;975;2,500;0;50;2,012;3,165;1,614;1,556;405;398
Jan 26, 2020;7:45 PM;1,238;301;1,029;2,576;0;50;2,012;3,138;1,539;1,557;348;398
Jan 26, 2020;8:00 PM;1,242;328;1,074;2,663;0;50;2,010;3,121;1,381;1,529;371;398
Jan 26, 2020;8:15 PM;1,241;299;1,119;2,748;0;50;2,011;3,119;1,329;1,532;163;398
Jan 26, 2020;8:30 PM;1,242;301;1,146;2,824;0;50;2,011;3,109;1,287;1,516;125;398
Jan 26, 2020;8:45 PM;1,239;295;1,129;2,873;0;50;2,010;3,053;1,235;1,513;80;398
Jan 26, 2020;9:00 PM;1,241;299;1,128;2,973;0;50;2,012;2,897;1,106;1,483;72;399
Jan 26, 2020;9:15 PM;1,240;300;1,209;3,029;0;50;2,009;2,810;1,052;1,484;60;398
Jan 26, 2020;9:30 PM;1,240;302;1,245;3,051;0;50;2,011;2,753;1,012;1,484;63;399
Jan 26, 2020;9:45 PM;1,241;302;1,261;3,059;0;50;2,010;2,743;1,022;1,483;56;398
Jan 26, 2020;10:00 PM;1,239;319;1,275;2,995;0;50;2,012;2,867;1,030;1,455;237;399
Jan 26, 2020;10:15 PM;1,238;307;1,285;3,072;0;50;2,012;2,854;1,040;1,455;76;399
Jan 26, 2020;10:30 PM;1,239;304;1,276;3,101;0;50;2,011;2,839;1,049;1,443;64;399
Jan 26, 2020;10:45 PM;1,238;306;1,315;3,129;0;50;2,011;2,761;1,052;1,433;47;399
Jan 26, 2020;11:00 PM;1,241;313;1,313;3,165;0;50;2,014;2,601;1,048;1,413;46;400
Jan 26, 2020;11:15 PM;1,237;299;1,337;3,196;0;50;2,011;2,483;1,017;1,396;43;399
Jan 26, 2020;11:30 PM;1,237;306;1,364;3,295;0;50;2,012;2,469;962;1,392;32;399
Jan 26, 2020;11:45 PM;1,235;299;1,394;3,379;0;50;2,007;2,443;940;1,387;9;400
Jan 27, 2020;12:00 AM;1,235;318;1,404;3,457;0;50;1,998;2,509;878;1,329;66;400
Jan 27, 2020;12:15 AM;1,233;308;1,393;3,563;0;50;1,992;2,499;873;1,357;46;400
Jan 27, 2020;12:30 AM;1,233;305;1,395;3,687;0;50;1,990;2,476;844;1,351;16;400
Jan 27, 2020;12:45 AM;1,231;301;1,396;3,720;0;50;1,988;2,458;844;1,331;24;400
Jan 27, 2020;1:00 AM;1,227;306;1,397;3,802;0;50;1,992;2,448;808;1,270;47;399
Jan 27, 2020;1:15 AM;1,222;307;1,402;3,868;0;50;1,990;2,418;820;1,273;24;399
Jan 27, 2020;1:30 AM;1,224;316;1,408;3,909;0;50;1,990;2,386;811;1,283;25;399
Jan 27, 2020;1:45 AM;1,224;318;1,415;3,927;0;50;1,989;2,298;814;1,287;19;400
Jan 27, 2020;2:00 AM;1,224;319;1,399;3,981;0;50;1,992;2,187;804;1,265;35;400
Jan 27, 2020;2:15 AM;1,220;298;1,394;4,094;0;50;1,989;2,127;799;1,279;13;400
Jan 27, 2020;2:30 AM;1,218;303;1,398;4,187;0;50;1,989;2,095;791;1,267;15;400
Jan 27, 2020;2:45 AM;1,221;301;1,400;4,272;0;50;1,987;2,085;793;1,260;8;400
Jan 27, 2020;3:00 AM;1,222;292;1,389;4,357;0;50;1,988;2,093;803;1,239;4;411
Jan 27, 2020;3:15 AM;1,217;287;1,396;4,469;0;50;1,984;2,077;808;1,198;2;411
Jan 27, 2020;3:30 AM;1,217;286;1,397;4,533;0;50;1,985;2,048;807;1,172;2;411
Jan 27, 2020;3:45 AM;1,219;286;1,379;4,609;0;50;1,985;2,009;804;1,184;2;410
Jan 27, 2020;4:00 AM;1,218;290;1,374;4,661;0;50;1,974;1,990;790;1,174;4;409
Jan 27, 2020;4:15 AM;1,217;291;1,373;4,710;0;50;1,975;1,990;778;1,188;4;409
Jan 27, 2020;4:30 AM;1,217;299;1,384;4,767;0;50;1,976;2,042;816;1,190;8;409
Jan 27, 2020;4:45 AM;1,218;293;1,385;4,855;0;50;1,959;2,132;827;1,218;5;409
Jan 27, 2020;5:00 AM;1,218;306;1,377;4,882;0;50;1,955;2,186;834;1,285;13;409
Jan 27, 2020;5:15 AM;1,217;310;1,366;4,948;0;50;1,951;2,236;871;1,328;13;410
Jan 27, 2020;5:30 AM;1,216;308;1,372;4,956;0;50;1,946;2,415;923;1,344;11;410
Jan 27, 2020;5:45 AM;1,216;326;1,380;4,991;0;50;1,938;2,559;959;1,374;24;410
Jan 27, 2020;6:00 AM;1,218;296;1,376;5,159;0;50;1,925;2,689;1,044;1,488;21;408
Jan 27, 2020;6:15 AM;1,215;323;1,320;5,254;0;50;1,938;2,838;1,149;1,555;21;408
Jan 27, 2020;6:30 AM;1,213;315;1,279;5,358;0;50;1,938;2,995;1,207;1,620;28;408
Jan 27, 2020;6:45 AM;1,215;311;1,253;5,380;0;50;1,940;3,046;1,326;1,685;138;410
Jan 27, 2020;7:00 AM;1,222;301;1,249;5,404;0;50;1,936;2,968;1,498;1,795;68;408
Jan 27, 2020;7:15 AM;1,224;311;1,221;5,440;0;50;1,939;2,919;1,592;1,861;254;410
Jan 27, 2020;7:30 AM;1,218;302;1,211;5,486;0;50;1,939;2,930;1,671;1,970;401;407
Jan 27, 2020;7:45 AM;1,216;309;1,210;5,494;1;50;1,939;2,924;1,748;1,997;445;407
Jan 27, 2020;8:00 AM;1,218;318;1,181;5,500;22;50;1,935;2,942;1,792;2,006;790;406
Jan 27, 2020;8:15 AM;1,219;329;1,155;5,531;83;50;1,939;2,963;1,812;2,021;847;405
Jan 27, 2020;8:30 AM;1,224;303;1,157;5,535;185;50;1,939;2,969;1,811;2,002;846;403
Jan 27, 2020;8:45 AM;1,222;302;1,139;5,522;316;50;1,939;2,967;1,801;2,015;807;403
Jan 27, 2020;9:00 AM;1,216;289;1,165;5,493;453;50;1,937;2,966;1,646;1,992;665;406
Jan 27, 2020;9:15 AM;1,213;302;1,181;5,445;615;50;1,939;2,967;1,638;2,002;526;405
Jan 27, 2020;9:30 AM;1,222;291;1,153;5,422;783;50;1,940;2,960;1,627;1,985;515;403
Jan 27, 2020;9:45 AM;1,224;299;1,137;5,436;965;50;1,939;2,975;1,591;1,982;475;403
Jan 27, 2020;10:00 AM;1,221;306;1,134;5,362;1,140;50;1,940;3,076;1,584;1,952;290;402
Jan 27, 2020;10:15 AM;1,223;304;1,150;5,263;1,312;50;1,938;3,085;1,570;1,953;256;402
Jan 27, 2020;10:30 AM;1,222;306;1,147;5,194;1,485;49;1,939;3,098;1,540;1,954;264;404
Jan 27, 2020;10:45 AM;1,223;300;1,158;5,009;1,639;49;1,938;3,099;1,511;1,969;209;405
Jan 27, 2020;11:00 AM;1,233;300;1,174;4,911;1,815;49;1,939;3,126;1,535;1,982;72;402
Jan 27, 2020;11:15 AM;1,223;285;1,164;4,853;1,959;49;1,938;3,125;1,532;1,979;111;403
Jan 27, 2020;11:30 AM;1,223;295;1,170;4,760;2,096;49;1,939;3,135;1,506;1,966;102;404
Jan 27, 2020;11:45 AM;1,220;295;1,197;4,704;2,126;49;1,941;3,133;1,450;1,961;128;403
Jan 27, 2020;12:00 PM;1,222;293;1,242;4,631;2,164;48;1,949;3,119;1,403;1,898;71;403
Jan 27, 2020;12:15 PM;1,222;291;1,245;4,556;2,169;48;1,960;3,125;1,396;1,910;54;405
Jan 27, 2020;12:30 PM;1,222;291;1,234;4,502;2,177;48;1,973;3,136;1,383;1,877;88;405
Jan 27, 2020;12:45 PM;1,224;292;1,184;4,436;2,071;48;1,983;3,146;1,403;1,891;119;405
Jan 27, 2020;1:00 PM;1,223;308;1,174;4,328;2,008;47;1,998;3,153;1,488;1,898;205;403
Jan 27, 2020;1:15 PM;1,227;318;1,204;4,247;1,911;47;2,005;3,153;1,538;1,974;253;401
Jan 27, 2020;1:30 PM;1,229;331;1,206;4,193;1,781;47;2,005;3,153;1,572;1,970;329;396
Jan 27, 2020;1:45 PM;1,227;325;1,186;4,152;1,624;47;2,004;3,154;1,619;2,000;299;398
Jan 27, 2020;2:00 PM;1,241;337;1,200;4,113;1,451;47;2,005;3,168;1,680;2,014;236;398
Jan 27, 2020;2:15 PM;1,237;339;1,214;4,082;1,274;47;2,005;3,179;1,725;2,023;289;399
Jan 27, 2020;2:30 PM;1,231;353;1,158;4,073;1,103;47;2,004;3,187;1,781;2,030;306;399
Jan 27, 2020;2:45 PM;1,232;357;1,103;3,937;913;47;2,005;3,177;1,837;2,072;437;400
Jan 27, 2020;3:00 PM;1,232;334;1,104;3,889;754;47;2,005;3,174;1,873;2,026;412;400
Jan 27, 2020;3:15 PM;1,229;338;1,134;3,914;578;47;2,005;3,176;1,875;2,039;348;398
Jan 27, 2020;3:30 PM;1,226;339;1,143;3,881;444;47;2,007;3,187;1,901;2,052;388;394
Jan 27, 2020;3:45 PM;1,226;333;1,164;3,852;299;47;2,006;3,183;1,889;2,076;383;389
Jan 27, 2020;4:00 PM;1,233;311;1,164;3,797;177;47;2,005;3,179;1,912;2,061;555;391
Jan 27, 2020;4:15 PM;1,231;319;1,137;3,824;89;47;2,006;3,184;1,895;2,056;620;398
Jan 27, 2020;4:30 PM;1,231;331;1,092;3,904;36;47;2,007;3,180;1,895;2,067;685;396
Jan 27, 2020;4:45 PM;1,232;338;1,066;3,937;8;47;2,006;3,176;1,904;2,121;704;397
Jan 27, 2020;5:00 PM;1,230;343;1,056;4,016;1;48;2,003;3,154;1,946;2,135;983;394
Jan 27, 2020;5:15 PM;1,228;348;1,029;4,071;0;48;2,005;3,170;1,974;2,151;1,164;390
Jan 27, 2020;5:30 PM;1,233;364;1,015;4,116;0;48;2,006;3,165;1,979;2,145;1,279;383
Jan 27, 2020;5:45 PM;1,234;365;969;4,160;0;48;2,006;3,169;1,986;2,172;1,306;388
Jan 27, 2020;6:00 PM;1,232;340;933;4,165;0;49;2,004;3,157;1,974;2,163;1,225;399
Jan 27, 2020;6:15 PM;1,230;341;913;4,163;0;48;2,005;3,159;1,952;2,182;1,243;399
Jan 27, 2020;6:30 PM;1,232;356;880;4,189;0;48;2,005;3,160;1,908;2,172;1,306;397
Jan 27, 2020;6:45 PM;1,233;354;853;4,301;0;49;2,005;3,148;1,837;2,174;1,260;397
Jan 27, 2020;7:00 PM;1,233;361;844;4,397;0;49;2,007;3,090;1,807;2,155;1,137;401
Jan 27, 2020;7:15 PM;1,233;344;816;4,461;0;49;2,006;3,041;1,770;2,094;1,010;402
Jan 27, 2020;7:30 PM;1,234;348;778;4,505;0;49;2,005;3,016;1,734;2,069;967;402
Jan 27, 2020;7:45 PM;1,237;340;769;4,554;0;49;2,004;2,995;1,693;2,066;770;403
Jan 27, 2020;8:00 PM;1,238;379;759;4,613;0;49;2,008;2,870;1,687;2,002;1,119;403
Jan 27, 2020;8:15 PM;1,232;347;711;4,626;0;49;2,006;2,850;1,660;2,012;879;404
Jan 27, 2020;8:30 PM;1,237;342;663;4,696;0;49;2,007;2,853;1,581;2,005;686;404
Jan 27, 2020;8:45 PM;1,236;324;642;4,743;0;48;2,006;2,830;1,403;2,014;669;403
Jan 27, 2020;9:00 PM;1,239;359;635;4,779;0;48;2,008;2,823;1,266;1,972;152;402
Jan 27, 2020;9:15 PM;1,233;354;613;4,885;0;48;2,007;2,795;1,192;1,935;71;398
Jan 27, 2020;9:30 PM;1,230;348;595;4,942;0;48;2,006;2,773;1,126;1,898;32;402
Jan 27, 2020;9:45 PM;1,230;334;596;5,014;0;48;1,995;2,676;1,072;1,829;26;403
Jan 27, 2020;10:00 PM;1,230;351;581;5,015;0;48;2,001;2,621;915;1,858;145;405
Jan 27, 2020;10:15 PM;1,223;355;594;5,107;0;48;2,006;2,524;895;1,828;48;405
Jan 27, 2020;10:30 PM;1,223;352;616;5,194;0;48;2,007;2,429;863;1,682;48;405
Jan 27, 2020;10:45 PM;1,229;338;647;5,262;0;48;2,003;2,354;832;1,564;19;404
Jan 27, 2020;11:00 PM;1,234;361;671;5,358;0;47;2,004;2,322;814;1,502;52;401
Jan 27, 2020;11:15 PM;1,231;360;671;5,436;0;47;2,002;2,167;779;1,412;71;401
Jan 27, 2020;11:30 PM;1,228;361;680;5,486;0;47;2,001;2,076;742;1,333;222;401
Jan 27, 2020;11:45 PM;1,231;362;725;5,505;0;47;2,001;1,982;720;1,160;220;401
Jan 28, 2020;12:00 AM;1,225;354;797;5,561;0;47;1,998;1,888;639;1,033;95;400
Jan 28, 2020;12:15 AM;1,227;354;847;5,687;0;47;1,993;1,846;596;1,011;29;400
Jan 28, 2020;12:30 AM;1,223;332;910;5,827;0;47;1,983;1,821;557;964;2;399
Jan 28, 2020;12:45 AM;1,224;331;960;5,907;0;47;1,980;1,790;509;957;3;399
Jan 28, 2020;1:00 AM;1,221;332;979;6,013;0;47;1,969;1,743;445;961;1;399
Jan 28, 2020;1:15 AM;1,215;330;1,042;6,118;0;47;1,963;1,717;439;949;1;399
Jan 28, 2020;1:30 AM;1,210;329;1,145;6,144;0;47;1,941;1,716;439;939;1;399
Jan 28, 2020;1:45 AM;1,209;328;1,246;6,229;0;46;1,933;1,705;426;950;0;398
Jan 28, 2020;2:00 AM;1,215;350;1,233;6,261;0;47;1,904;1,697;423;904;13;399
Jan 28, 2020;2:15 AM;1,217;334;1,242;6,365;0;47;1,926;1,659;406;896;0;400
Jan 28, 2020;2:30 AM;1,211;330;1,253;6,486;0;47;1,938;1,629;405;890;0;400
Jan 28, 2020;2:45 AM;1,206;327;1,204;6,576;0;47;1,937;1,602;400;894;0;400
Jan 28, 2020;3:00 AM;1,211;330;1,173;6,609;0;47;1,937;1,543;399;896;0;400
Jan 28, 2020;3:15 AM;1,211;328;1,149;6,606;0;47;1,936;1,530;399;891;0;400
Jan 28, 2020;3:30 AM;1,207;329;1,177;6,632;0;47;1,914;1,526;399;892;26;400
Jan 28, 2020;3:45 AM;1,201;327;1,200;6,672;0;47;1,868;1,521;398;899;1;400
Jan 28, 2020;4:00 AM;1,203;326;1,249;6,731;0;47;1,837;1,523;411;894;7;400
Jan 28, 2020;4:15 AM;1,204;328;1,303;6,743;0;47;1,814;1,529;416;895;1;399
Jan 28, 2020;4:30 AM;1,200;333;1,360;6,824;0;47;1,826;1,532;417;894;0;399
Jan 28, 2020;4:45 AM;1,200;325;1,416;6,821;0;47;1,811;1,546;425;901;0;399
Jan 28, 2020;5:00 AM;1,202;324;1,442;6,865;0;47;1,823;1,613;447;948;0;399
Jan 28, 2020;5:15 AM;1,202;323;1,427;6,802;0;47;1,876;1,685;488;945;0;398
Jan 28, 2020;5:30 AM;1,199;319;1,443;6,745;0;47;1,919;1,696;509;978;0;399
Jan 28, 2020;5:45 AM;1,196;323;1,438;6,678;0;47;1,940;1,766;574;1,025;5;399
Jan 28, 2020;6:00 AM;1,200;318;1,438;6,810;0;47;1,965;1,883;644;1,081;2;397
Jan 28, 2020;6:15 AM;1,199;329;1,419;6,746;0;47;1,979;2,038;683;1,137;21;398
Jan 28, 2020;6:30 AM;1,197;338;1,372;6,732;0;47;1,983;2,150;702;1,168;187;398
Jan 28, 2020;6:45 AM;1,200;349;1,331;6,770;0;47;1,975;2,272;712;1,213;438;398
Jan 28, 2020;7:00 AM;1,206;316;1,298;6,761;0;49;1,971;2,342;724;1,278;784;402
Jan 28, 2020;7:15 AM;1,202;339;1,299;6,670;0;49;1,962;2,345;750;1,354;896;403
Jan 28, 2020;7:30 AM;1,204;349;1,315;6,674;0;49;1,951;2,373;767;1,405;1,064;403
Jan 28, 2020;7:45 AM;1,204;336;1,326;6,686;1;49;1,948;2,383;779;1,432;1,171;400
Jan 28, 2020;8:00 AM;1,208;328;1,267;6,679;16;49;1,937;2,373;774;1,464;974;400
Jan 28, 2020;8:15 AM;1,209;337;1,199;6,638;52;49;1,936;2,415;778;1,512;1,022;400
Jan 28, 2020;8:30 AM;1,210;341;1,152;6,517;100;49;1,938;2,445;779;1,516;1,018;400
Jan 28, 2020;8:45 AM;1,206;347;1,137;6,396;174;49;1,927;2,437;781;1,515;1,141;400
Jan 28, 2020;9:00 AM;1,209;357;1,097;6,333;262;49;1,905;2,427;791;1,533;1,448;401
Jan 28, 2020;9:15 AM;1,208;359;1,104;6,228;357;49;1,890;2,431;799;1,492;1,453;401
Jan 28, 2020;9:30 AM;1,209;352;1,098;6,100;440;49;1,887;2,432;831;1,519;1,469;401
Jan 28, 2020;9:45 AM;1,210;364;1,025;6,067;549;49;1,888;2,427;880;1,530;1,487;401
Jan 28, 2020;10:00 AM;1,207;360;941;6,000;636;49;1,884;2,275;916;1,604;1,651;401
Jan 28, 2020;10:15 AM;1,202;349;862;6,051;700;49;1,876;2,248;915;1,628;1,563;401
Jan 28, 2020;10:30 AM;1,206;341;762;6,244;758;49;1,875;2,251;907;1,644;1,425;401
Jan 28, 2020;10:45 AM;1,210;351;719;6,276;823;49;1,870;2,260;927;1,664;1,339;401
Jan 28, 2020;11:00 AM;1,210;321;662;6,387;876;49;1,842;2,265;923;1,675;800;401
Jan 28, 2020;11:15 AM;1,210;320;611;6,446;939;49;1,835;2,273;914;1,701;698;401
Jan 28, 2020;11:30 AM;1,216;331;597;6,542;1,026;49;1,834;2,298;915;1,702;591;401
Jan 28, 2020;11:45 AM;1,216;322;583;6,686;1,057;49;1,835;2,345;899;1,730;459;401
Jan 28, 2020;12:00 PM;1,213;336;564;6,812;1,127;49;1,828;2,439;836;1,671;383;401
Jan 28, 2020;12:15 PM;1,218;341;501;6,981;1,151;49;1,824;2,432;860;1,683;292;400
Jan 28, 2020;12:30 PM;1,214;342;444;7,219;1,160;47;1,825;2,428;864;1,684;230;397
Jan 28, 2020;12:45 PM;1,215;345;409;7,288;1,151;47;1,815;2,421;887;1,644;187;397
Jan 28, 2020;1:00 PM;1,219;353;421;7,339;1,128;47;1,812;2,355;898;1,663;239;396
Jan 28, 2020;1:15 PM;1,221;345;549;7,502;1,133;47;1,800;2,341;884;1,675;146;396
Jan 28, 2020;1:30 PM;1,222;333;731;7,629;1,115;47;1,796;2,301;864;1,625;32;397
Jan 28, 2020;1:45 PM;1,217;331;729;7,788;1,082;47;1,791;2,291;814;1,557;17;397
Jan 28, 2020;2:00 PM;1,221;343;711;7,932;1,091;47;1,794;2,300;722;1,476;71;397
Jan 28, 2020;2:15 PM;1,223;350;802;8,030;1,063;47;1,792;2,293;700;1,486;38;397
Jan 28, 2020;2:30 PM;1,221;346;912;8,040;1,036;47;1,795;2,276;686;1,449;14;397
Jan 28, 2020;2:45 PM;1,220;345;1,019;8,042;971;47;1,796;2,221;677;1,459;14;397
Jan 28, 2020;3:00 PM;1,223;342;1,066;8,124;840;47;1,801;2,089;675;1,512;79;397
Jan 28, 2020;3:15 PM;1,222;340;1,053;8,296;708;47;1,801;2,044;719;1,519;71;397
Jan 28, 2020;3:30 PM;1,222;339;1,099;8,377;538;47;1,802;2,010;754;1,520;77;397
Jan 28, 2020;3:45 PM;1,222;336;1,129;8,337;396;48;1,801;2,006;789;1,534;77;399
Jan 28, 2020;4:00 PM;1,223;337;1,150;8,388;280;49;1,799;2,010;826;1,574;80;401
Jan 28, 2020;4:15 PM;1,220;341;1,161;8,584;181;49;1,800;2,012;859;1,603;113;401
Jan 28, 2020;4:30 PM;1,222;340;1,178;8,726;93;49;1,801;2,007;869;1,618;143;401
Jan 28, 2020;4:45 PM;1,223;340;1,158;8,718;32;49;1,801;2,010;891;1,616;204;401
Jan 28, 2020;5:00 PM;1,224;346;1,199;8,706;4;49;1,799;1,970;962;1,561;52;401
Jan 28, 2020;5:15 PM;1,217;366;1,156;8,765;0;49;1,802;1,995;1,031;1,582;142;401
Jan 28, 2020;5:30 PM;1,221;365;1,076;8,784;0;49;1,801;2,002;1,038;1,591;246;401
Jan 28, 2020;5:45 PM;1,220;359;1,140;8,819;0;49;1,802;1,986;1,055;1,610;348;401
Jan 28, 2020;6:00 PM;1,220;356;1,151;8,800;0;49;1,799;1,950;1,111;1,591;612;401
Jan 28, 2020;6:15 PM;1,222;345;1,147;8,898;0;49;1,800;1,964;1,120;1,595;580;401
Jan 28, 2020;6:30 PM;1,223;335;1,146;8,951;0;49;1,799;1,957;1,125;1,588;521;402
Jan 28, 2020;6:45 PM;1,225;336;1,139;9,056;0;49;1,799;1,948;1,125;1,536;470;402
Jan 28, 2020;7:00 PM;1,227;340;1,138;9,138;0;49;1,800;1,884;1,120;1,477;295;402
Jan 28, 2020;7:15 PM;1,224;338;1,140;9,224;0;49;1,797;1,822;1,107;1,488;141;402
Jan 28, 2020;7:30 PM;1,226;339;1,149;9,223;0;49;1,811;1,767;1,089;1,425;123;402
Jan 28, 2020;7:45 PM;1,225;341;1,153;9,229;0;49;1,837;1,723;1,074;1,265;133;402
Jan 28, 2020;8:00 PM;1,225;357;1,147;9,129;0;49;1,840;1,654;1,068;1,232;246;402
Jan 28, 2020;8:15 PM;1,231;349;1,152;9,075;0;49;1,839;1,562;1,006;1,240;191;402
Jan 28, 2020;8:30 PM;1,228;350;1,147;9,051;0;49;1,839;1,510;951;1,193;200;401
Jan 28, 2020;8:45 PM;1,227;347;1,147;9,056;0;49;1,839;1,509;941;1,177;99;401
Jan 28, 2020;9:00 PM;1,227;350;1,155;8,991;0;49;1,841;1,476;891;1,160;79;402
Jan 28, 2020;9:15 PM;1,228;353;1,113;8,835;0;49;1,840;1,463;853;1,157;80;402
Jan 28, 2020;9:30 PM;1,223;352;1,072;8,740;0;49;1,840;1,463;839;1,161;60;402
Jan 28, 2020;9:45 PM;1,226;347;1,065;8,635;0;49;1,841;1,471;810;1,106;118;402
Jan 28, 2020;10:00 PM;1,221;359;1,066;8,252;0;49;1,844;1,506;809;1,110;420;402
Jan 28, 2020;10:15 PM;1,218;347;1,061;8,119;0;49;1,841;1,489;801;1,102;424;402
Jan 28, 2020;10:30 PM;1,211;346;1,083;7,994;0;49;1,840;1,473;776;1,082;127;402
Jan 28, 2020;10:45 PM;1,209;346;1,103;7,812;0;49;1,840;1,462;774;1,082;102;402
Jan 28, 2020;11:00 PM;1,211;347;1,126;7,732;0;49;1,849;1,464;758;1,031;169;401
Jan 28, 2020;11:15 PM;1,210;346;1,155;7,591;0;49;1,862;1,470;742;969;76;401
Jan 28, 2020;11:30 PM;1,202;346;1,150;7,528;0;49;1,868;1,496;732;940;35;401
Jan 28, 2020;11:45 PM;1,204;345;1,144;7,560;0;49;1,870;1,506;718;931;5;401
Jan 29, 2020;12:00 AM;1,201;345;1,148;7,504;0;49;1,884;1,481;621;909;17;393
Jan 29, 2020;12:15 AM;1,207;346;1,157;7,494;0;49;1,884;1,475;602;875;18;392
Jan 29, 2020;12:30 AM;1,209;346;1,144;7,443;0;49;1,879;1,471;564;875;5;392
Jan 29, 2020;12:45 AM;1,210;345;1,098;7,322;0;49;1,888;1,454;565;863;2;392
Jan 29, 2020;1:00 AM;1,208;363;1,066;7,335;0;49;1,883;1,428;548;873;39;392
Jan 29, 2020;1:15 AM;1,206;347;1,129;7,239;0;49;1,863;1,419;546;888;21;392
Jan 29, 2020;1:30 AM;1,208;345;1,137;7,165;0;49;1,886;1,422;546;849;14;392
Jan 29, 2020;1:45 AM;1,208;344;1,113;7,160;0;49;1,887;1,415;543;861;8;392
Jan 29, 2020;2:00 AM;1,209;345;1,101;7,169;0;49;1,893;1,444;545;845;28;392
Jan 29, 2020;2:15 AM;1,214;343;1,111;7,194;0;49;1,898;1,428;546;840;20;392
Jan 29, 2020;2:30 AM;1,212;343;1,139;7,143;0;49;1,904;1,394;571;848;29;392
Jan 29, 2020;2:45 AM;1,209;342;1,147;7,114;0;49;1,901;1,393;579;839;26;392
Jan 29, 2020;3:00 AM;1,211;341;1,161;7,129;0;49;1,881;1,375;598;827;18;390
Jan 29, 2020;3:15 AM;1,212;339;1,163;7,193;0;49;1,885;1,378;603;838;13;390
Jan 29, 2020;3:30 AM;1,207;337;1,182;7,154;0;49;1,891;1,369;601;825;13;390
Jan 29, 2020;3:45 AM;1,209;336;1,209;7,146;0;49;1,898;1,371;601;837;9;390
Jan 29, 2020;4:00 AM;1,205;335;1,213;7,182;0;49;1,899;1,384;593;834;8;390
Jan 29, 2020;4:15 AM;1,206;335;1,208;7,245;0;49;1,894;1,390;595;827;2;390
Jan 29, 2020;4:30 AM;1,206;344;1,201;7,270;0;49;1,882;1,414;595;861;16;390
Jan 29, 2020;4:45 AM;1,203;337;1,231;7,301;0;49;1,882;1,429;605;903;12;390
Jan 29, 2020;5:00 AM;1,201;335;1,253;7,394;0;49;1,859;1,529;642;868;20;389
Jan 29, 2020;5:15 AM;1,203;334;1,260;7,470;0;50;1,849;1,575;659;876;8;389
Jan 29, 2020;5:30 AM;1,201;335;1,255;7,514;0;50;1,860;1,592;717;928;30;389
Jan 29, 2020;5:45 AM;1,200;343;1,270;7,476;0;50;1,859;1,659;721;945;210;389
Jan 29, 2020;6:00 AM;1,197;335;1,267;7,661;0;49;1,871;1,805;727;957;43;383
Jan 29, 2020;6:15 AM;1,196;334;1,273;7,681;0;49;1,925;1,895;737;1,040;36;383
Jan 29, 2020;6:30 AM;1,198;341;1,306;7,713;0;49;1,952;1,923;786;1,112;162;384
Jan 29, 2020;6:45 AM;1,197;338;1,346;7,698;0;49;1,960;1,934;852;1,209;302;383
Jan 29, 2020;7:00 AM;1,201;358;1,387;7,714;0;50;1,944;1,843;928;1,396;449;383
Jan 29, 2020;7:15 AM;1,202;350;1,411;7,751;0;50;1,953;1,824;976;1,528;529;383
Jan 29, 2020;7:30 AM;1,188;348;1,415;7,768;0;50;1,952;1,832;1,015;1,597;717;383
Jan 29, 2020;7:45 AM;1,193;353;1,405;7,826;1;50;1,958;1,826;1,089;1,615;831;383
Jan 29, 2020;8:00 AM;1,195;348;1,417;7,901;14;50;1,956;1,799;1,129;1,627;985;383
Jan 29, 2020;8:15 AM;1,196;349;1,432;7,957;46;50;1,956;1,804;1,155;1,670;983;384
Jan 29, 2020;8:30 AM;1,197;355;1,434;7,927;98;50;1,956;1,807;1,168;1,673;918;385
Jan 29, 2020;8:45 AM;1,198;349;1,424;7,932;162;50;1,954;1,807;1,197;1,717;744;385
Jan 29, 2020;9:00 AM;1,196;347;1,400;7,924;257;50;1,949;1,797;1,217;1,831;594;385
Jan 29, 2020;9:15 AM;1,195;344;1,385;8,005;347;50;1,922;1,795;1,223;1,815;572;385
Jan 29, 2020;9:30 AM;1,202;341;1,388;8,087;454;50;1,909;1,811;1,218;1,780;434;385
Jan 29, 2020;9:45 AM;1,204;340;1,403;8,057;528;50;1,883;1,824;1,186;1,851;359;385
Jan 29, 2020;10:00 AM;1,203;340;1,390;8,146;618;50;1,879;1,817;1,183;1,926;369;386
Jan 29, 2020;10:15 AM;1,202;355;1,373;8,155;698;50;1,878;1,809;1,195;1,938;347;386
Jan 29, 2020;10:30 AM;1,203;354;1,351;8,235;788;50;1,872;1,807;1,174;1,939;284;386
Jan 29, 2020;10:45 AM;1,204;351;1,341;8,194;853;50;1,864;1,795;1,169;1,942;212;386
Jan 29, 2020;11:00 AM;1,202;360;1,349;8,242;931;50;1,861;1,838;1,148;1,929;216;386
Jan 29, 2020;11:15 AM;1,199;364;1,345;8,232;973;50;1,864;1,831;1,130;1,929;176;386
Jan 29, 2020;11:30 AM;1,203;358;1,354;8,154;1,036;49;1,863;1,830;1,121;1,931;148;386
Jan 29, 2020;11:45 AM;1,203;357;1,372;8,115;1,082;49;1,860;1,806;1,102;1,932;101;386
Jan 29, 2020;12:00 PM;1,206;359;1,371;8,127;1,144;49;1,855;1,809;1,078;1,925;233;386
Jan 29, 2020;12:15 PM;1,206;339;1,390;8,118;1,167;49;1,847;1,800;1,093;1,924;149;385
Jan 29, 2020;12:30 PM;1,207;335;1,381;8,163;1,183;47;1,838;1,801;1,094;1,922;90;382
Jan 29, 2020;12:45 PM;1,212;331;1,396;8,096;1,187;47;1,839;1,770;1,108;1,906;87;382
Jan 29, 2020;1:00 PM;1,210;333;1,395;8,145;1,202;47;1,839;1,745;1,123;1,878;97;381
Jan 29, 2020;1:15 PM;1,209;333;1,400;8,078;1,155;47;1,845;1,737;1,109;1,887;115;381
Jan 29, 2020;1:30 PM;1,209;332;1,415;7,959;1,133;47;1,847;1,757;1,102;1,856;115;381
Jan 29, 2020;1:45 PM;1,208;332;1,408;7,898;1,087;47;1,845;1,747;1,094;1,854;94;381
Jan 29, 2020;2:00 PM;1,208;333;1,416;7,933;1,047;47;1,845;1,774;1,060;1,844;69;381
Jan 29, 2020;2:15 PM;1,212;337;1,414;7,802;1,014;47;1,846;1,797;1,063;1,813;75;381
Jan 29, 2020;2:30 PM;1,209;337;1,410;7,816;938;47;1,846;1,798;1,058;1,810;86;381
Jan 29, 2020;2:45 PM;1,208;336;1,388;7,788;845;47;1,846;1,801;1,057;1,815;106;381
Jan 29, 2020;3:00 PM;1,212;337;1,391;7,840;757;48;1,867;1,787;1,023;1,823;44;383
Jan 29, 2020;3:15 PM;1,215;342;1,400;7,797;662;48;1,866;1,784;1,035;1,841;55;384
Jan 29, 2020;3:30 PM;1,212;352;1,382;7,680;551;49;1,871;1,807;1,056;1,838;74;386
Jan 29, 2020;3:45 PM;1,212;343;1,393;7,654;448;50;1,869;1,813;1,117;1,861;150;387
Jan 29, 2020;4:00 PM;1,215;340;1,389;7,535;329;50;1,865;1,830;1,154;1,887;103;387
Jan 29, 2020;4:15 PM;1,209;339;1,383;7,606;205;50;1,870;1,858;1,184;1,906;131;387
Jan 29, 2020;4:30 PM;1,214;339;1,401;7,537;102;50;1,870;1,856;1,210;1,930;222;387
Jan 29, 2020;4:45 PM;1,219;340;1,379;7,533;37;50;1,870;1,868;1,242;1,957;435;387
Jan 29, 2020;5:00 PM;1,468;342;1,390;7,393;4;50;1,866;1,903;1,266;1,879;641;387
Jan 29, 2020;5:15 PM;1,215;350;1,477;7,317;0;50;1,869;1,931;1,271;1,835;918;387
Jan 29, 2020;5:30 PM;1,215;360;1,471;7,345;0;50;1,869;1,932;1,269;1,841;1,015;387
Jan 29, 2020;5:45 PM;1,216;360;1,465;7,392;0;50;1,870;1,938;1,239;1,890;1,132;387
Jan 29, 2020;6:00 PM;1,224;346;1,462;7,401;0;50;1,870;2,012;1,195;1,869;1,209;387
Jan 29, 2020;6:15 PM;1,223;343;1,455;7,405;0;50;1,869;2,035;1,182;1,835;1,143;387
Jan 29, 2020;6:30 PM;1,226;339;1,439;7,398;0;50;1,870;2,052;1,165;1,831;1,091;387
Jan 29, 2020;6:45 PM;1,224;350;1,446;7,375;0;50;1,870;2,052;1,168;1,804;1,072;387
Jan 29, 2020;7:00 PM;1,229;350;1,456;7,369;0;50;1,870;2,039;1,175;1,807;1,096;387
Jan 29, 2020;7:15 PM;1,227;338;1,475;7,343;0;50;1,869;2,021;1,167;1,811;898;387
Jan 29, 2020;7:30 PM;1,225;338;1,483;7,318;0;50;1,868;2,019;1,159;1,748;692;387
Jan 29, 2020;7:45 PM;1,219;341;1,480;7,253;0;50;1,869;2,009;1,153;1,737;543;387
Jan 29, 2020;8:00 PM;1,222;336;1,487;7,300;0;50;1,880;1,972;1,103;1,659;353;388
Jan 29, 2020;8:15 PM;1,220;334;1,493;7,319;0;50;1,877;1,975;1,079;1,598;226;388
Jan 29, 2020;8:30 PM;1,229;337;1,428;7,274;0;50;1,879;1,978;1,043;1,592;131;388
Jan 29, 2020;8:45 PM;1,225;335;1,427;7,334;0;50;1,860;1,909;999;1,554;182;388
Jan 29, 2020;9:00 PM;1,226;340;1,430;7,353;0;50;1,859;1,945;949;1,513;149;389
Jan 29, 2020;9:15 PM;1,229;340;1,433;7,338;0;50;1,870;1,914;884;1,490;108;389
Jan 29, 2020;9:30 PM;1,226;337;1,430;7,318;0;50;1,869;1,874;876;1,414;126;389
Jan 29, 2020;9:45 PM;1,219;335;1,369;7,331;0;50;1,867;1,807;864;1,303;75;389
Jan 29, 2020;10:00 PM;1,224;341;1,358;7,103;0;50;1,872;1,761;867;1,195;293;388
Jan 29, 2020;10:15 PM;1,224;347;1,359;7,063;0;50;1,870;1,733;849;1,202;147;388
Jan 29, 2020;10:30 PM;1,230;354;1,350;7,022;0;50;1,870;1,721;826;1,204;82;388
Jan 29, 2020;10:45 PM;1,225;358;1,259;6,999;0;50;1,871;1,631;814;1,142;87;388
Jan 29, 2020;11:00 PM;1,223;370;1,259;6,977;0;50;1,868;1,544;813;1,060;207;387
Jan 29, 2020;11:15 PM;1,223;350;1,262;6,995;0;50;1,867;1,529;793;1,018;66;387
Jan 29, 2020;11:30 PM;1,221;362;1,261;7,003;0;50;1,865;1,527;772;1,020;27;387
Jan 29, 2020;11:45 PM;1,221;367;1,262;6,972;0;50;1,862;1,529;765;988;20;387
Jan 30, 2020;12:00 AM;1,220;379;1,261;6,947;0;50;1,856;1,596;727;854;33;389
Jan 30, 2020;12:15 AM;1,213;368;1,259;6,924;0;50;1,837;1,589;688;819;34;388
Jan 30, 2020;12:30 AM;1,217;368;1,258;6,947;0;50;1,837;1,588;676;797;40;388
Jan 30, 2020;12:45 AM;1,214;360;1,258;6,915;0;50;1,835;1,580;670;788;14;388
Jan 30, 2020;1:00 AM;1,212;374;1,259;6,936;0;50;1,838;1,555;681;749;32;389
Jan 30, 2020;1:15 AM;1,212;353;1,258;7,024;0;50;1,837;1,518;695;755;30;387
Jan 30, 2020;1:30 AM;1,214;361;1,257;7,075;0;50;1,838;1,517;695;746;13;387
Jan 30, 2020;1:45 AM;1,215;363;1,258;7,128;0;50;1,851;1,459;693;739;13;387
Jan 30, 2020;2:00 AM;1,215;372;1,259;7,145;0;50;1,872;1,354;665;776;45;387
Jan 30, 2020;2:15 AM;1,207;375;1,261;7,188;0;50;1,871;1,353;651;784;45;387
Jan 30, 2020;2:30 AM;1,211;350;1,260;7,309;0;50;1,877;1,375;650;777;19;387
Jan 30, 2020;2:45 AM;1,211;351;1,257;7,321;0;50;1,877;1,362;655;781;4;387
Jan 30, 2020;3:00 AM;1,211;361;1,260;7,244;0;50;1,879;1,360;649;743;2;387
Jan 30, 2020;3:15 AM;1,210;351;1,262;7,315;0;50;1,878;1,389;645;751;12;387
Jan 30, 2020;3:30 AM;1,213;352;1,260;7,346;0;50;1,878;1,399;645;741;70;387
Jan 30, 2020;3:45 AM;1,209;351;1,257;7,484;0;50;1,877;1,392;639;748;70;387
Jan 30, 2020;4:00 AM;1,207;351;1,173;7,575;0;50;1,866;1,404;629;745;17;387
Jan 30, 2020;4:15 AM;1,205;350;1,156;7,659;0;50;1,866;1,412;626;753;17;387
Jan 30, 2020;4:30 AM;1,206;349;1,155;7,691;0;50;1,863;1,419;622;775;17;387
Jan 30, 2020;4:45 AM;1,204;347;1,156;7,761;0;50;1,860;1,414;646;820;11;387
Jan 30, 2020;5:00 AM;1,207;357;1,156;7,817;0;50;1,846;1,450;685;888;1;388
Jan 30, 2020;5:15 AM;1,204;353;1,159;7,871;0;50;1,834;1,549;709;913;2;388
Jan 30, 2020;5:30 AM;1,204;350;1,161;7,950;0;50;1,834;1,596;728;926;1;388
Jan 30, 2020;5:45 AM;1,204;376;1,161;8,024;0;50;1,837;1,711;755;982;26;388
Jan 30, 2020;6:00 AM;1,202;357;1,161;8,284;0;50;1,809;1,841;797;1,052;1;387
Jan 30, 2020;6:15 AM;1,200;363;1,161;8,277;0;50;1,831;1,929;878;1,184;36;386
Jan 30, 2020;6:30 AM;1,203;364;1,160;8,245;0;50;1,857;1,992;936;1,383;42;386
Jan 30, 2020;6:45 AM;1,200;363;1,161;8,203;0;50;1,859;2,026;993;1,464;95;386
Jan 30, 2020;7:00 AM;1,207;350;1,161;8,191;0;50;1,829;2,077;1,039;1,519;84;398
Jan 30, 2020;7:15 AM;1,204;350;1,161;8,223;0;50;1,812;2,101;1,076;1,532;306;398
Jan 30, 2020;7:30 AM;1,207;364;1,162;8,218;0;50;1,817;2,130;1,096;1,534;428;398
Jan 30, 2020;7:45 AM;1,207;362;1,161;8,215;1;50;1,820;2,226;1,101;1,539;593;399
Jan 30, 2020;8:00 AM;1,209;369;1,162;8,137;23;50;1,826;2,303;1,092;1,556;719;399
Jan 30, 2020;8:15 AM;1,206;371;1,181;8,110;88;50;1,830;2,325;1,081;1,560;734;399
Jan 30, 2020;8:30 AM;1,206;373;1,258;8,071;190;50;1,833;2,316;1,082;1,553;677;399
Jan 30, 2020;8:45 AM;1,210;355;1,312;8,059;328;50;1,833;2,287;1,088;1,546;501;399
Jan 30, 2020;9:00 AM;1,204;352;1,333;7,991;497;50;1,833;2,264;1,093;1,518;363;399
Jan 30, 2020;9:15 AM;1,208;362;1,287;7,870;651;50;1,833;2,292;1,089;1,521;310;399
Jan 30, 2020;9:30 AM;1,216;354;1,285;7,850;845;50;1,833;2,288;1,085;1,505;248;399
Jan 30, 2020;9:45 AM;1,211;355;1,287;7,742;1,021;50;1,834;2,271;1,072;1,498;213;399
Jan 30, 2020;10:00 AM;1,218;354;1,334;7,646;1,187;50;1,840;2,256;1,060;1,476;166;399
Jan 30, 2020;10:15 AM;1,217;354;1,335;7,618;1,366;50;1,839;2,231;1,039;1,482;107;399
Jan 30, 2020;10:30 AM;1,214;345;1,335;7,655;1,536;50;1,841;2,228;1,054;1,463;69;398
Jan 30, 2020;10:45 AM;1,214;342;1,336;7,616;1,729;50;1,837;2,211;1,058;1,471;36;398
Jan 30, 2020;11:00 AM;1,216;359;1,336;7,551;1,924;50;1,833;2,221;1,054;1,462;27;398
Jan 30, 2020;11:15 AM;1,211;360;1,336;7,482;2,125;50;1,835;2,192;1,048;1,445;21;398
Jan 30, 2020;11:30 AM;1,216;360;1,335;7,402;2,263;50;1,834;2,140;1,049;1,435;48;398
Jan 30, 2020;11:45 AM;1,212;348;1,333;7,437;2,414;50;1,833;2,078;1,024;1,446;57;398
Jan 30, 2020;12:00 PM;1,214;351;1,333;7,463;2,448;50;1,825;2,022;991;1,338;66;398
Jan 30, 2020;12:15 PM;1,214;338;1,330;7,482;2,444;50;1,815;1,935;975;1,350;42;398
Jan 30, 2020;12:30 PM;1,216;355;1,347;7,428;2,418;50;1,818;1,916;966;1,328;114;398
Jan 30, 2020;12:45 PM;1,215;352;1,383;7,333;2,371;50;1,818;1,906;955;1,316;203;398
Jan 30, 2020;1:00 PM;1,215;338;1,375;7,247;2,309;49;1,816;1,897;931;1,352;134;398
Jan 30, 2020;1:15 PM;1,218;352;1,374;7,105;2,227;50;1,811;1,901;952;1,370;140;398
Jan 30, 2020;1:30 PM;1,217;344;1,379;7,024;2,086;49;1,816;1,933;968;1,366;184;398
Jan 30, 2020;1:45 PM;1,213;337;1,376;6,735;1,948;49;1,816;1,949;973;1,372;243;398
Jan 30, 2020;2:00 PM;1,219;337;1,379;6,605;1,756;49;1,833;1,999;965;1,419;695;398
Jan 30, 2020;2:15 PM;1,220;347;1,376;6,428;1,593;49;1,852;2,111;952;1,401;697;398
Jan 30, 2020;2:30 PM;1,221;361;1,374;6,310;1,392;49;1,858;2,165;970;1,392;759;398
Jan 30, 2020;2:45 PM;1,219;374;1,374;6,159;1,204;49;1,861;2,207;1,003;1,388;894;400
Jan 30, 2020;3:00 PM;1,220;343;1,366;6,014;1,031;49;1,869;2,319;1,054;1,403;825;400
Jan 30, 2020;3:15 PM;1,222;364;1,363;5,868;841;50;1,871;2,354;1,096;1,429;962;400
Jan 30, 2020;3:30 PM;1,221;354;1,403;5,794;668;49;1,876;2,375;1,121;1,429;1,149;400
Jan 30, 2020;3:45 PM;1,220;370;1,423;5,687;506;49;1,897;2,383;1,128;1,433;1,233;398
Jan 30, 2020;4:00 PM;1,218;350;1,412;5,577;359;49;1,908;2,449;1,128;1,435;950;395
Jan 30, 2020;4:15 PM;1,219;354;1,407;5,504;227;49;1,924;2,470;1,164;1,439;934;393
Jan 30, 2020;4:30 PM;1,220;348;1,450;5,535;116;49;1,941;2,480;1,177;1,436;1,157;388
Jan 30, 2020;4:45 PM;1,219;359;1,466;5,623;39;49;1,960;2,481;1,185;1,440;1,094;392
Jan 30, 2020;5:00 PM;1,218;360;1,532;5,733;3;50;1,961;2,520;1,209;1,458;1,111;397
Jan 30, 2020;5:15 PM;1,216;362;1,541;5,839;0;49;1,959;2,542;1,258;1,453;1,308;398
Jan 30, 2020;5:30 PM;1,219;357;1,541;5,943;0;49;1,958;2,516;1,278;1,449;1,423;396
Jan 30, 2020;5:45 PM;1,216;360;1,547;5,989;0;50;1,953;2,485;1,283;1,463;1,512;400
Jan 30, 2020;6:00 PM;1,211;359;1,565;6,118;0;50;1,947;2,460;1,274;1,463;1,440;398
Jan 30, 2020;6:15 PM;1,211;354;1,560;6,251;0;50;1,940;2,449;1,268;1,494;1,312;397
Jan 30, 2020;6:30 PM;1,216;355;1,561;6,390;0;50;1,936;2,440;1,260;1,484;1,163;398
Jan 30, 2020;6:45 PM;1,220;360;1,559;6,501;0;50;1,931;2,453;1,188;1,483;1,010;400
Jan 30, 2020;7:00 PM;1,219;366;1,559;6,678;0;50;1,923;2,454;1,125;1,471;1,060;398
Jan 30, 2020;7:15 PM;1,222;355;1,556;6,871;0;50;1,915;2,421;1,030;1,472;841;397
Jan 30, 2020;7:30 PM;1,226;353;1,554;7,116;0;50;1,915;2,390;929;1,455;634;391
Jan 30, 2020;7:45 PM;1,229;359;1,553;7,302;0;50;1,915;2,294;903;1,392;509;395
Jan 30, 2020;8:00 PM;1,230;366;1,555;7,543;0;50;1,891;2,070;877;1,214;727;396
Jan 30, 2020;8:15 PM;1,230;352;1,554;7,813;0;50;1,870;1,980;814;1,138;500;396
Jan 30, 2020;8:30 PM;1,231;350;1,546;8,070;0;50;1,844;1,897;755;1,138;335;397
Jan 30, 2020;8:45 PM;1,230;350;1,429;8,188;0;50;1,830;1,753;699;1,126;286;396
Jan 30, 2020;9:00 PM;1,232;357;1,422;8,320;0;49;1,799;1,609;670;1,121;113;395
Jan 30, 2020;9:15 PM;1,232;349;1,418;8,487;0;49;1,756;1,537;624;1,107;79;394
Jan 30, 2020;9:30 PM;1,236;350;1,415;8,632;0;49;1,720;1,475;615;1,064;65;394
Jan 30, 2020;9:45 PM;1,231;349;1,424;8,673;0;49;1,693;1,445;595;984;64;394
Jan 30, 2020;10:00 PM;1,231;370;1,428;8,510;0;49;1,672;1,504;593;872;203;395
Jan 30, 2020;10:15 PM;1,228;368;1,399;8,658;0;49;1,651;1,449;589;844;139;393
Jan 30, 2020;10:30 PM;1,227;364;1,354;8,803;0;49;1,612;1,459;580;838;98;393
Jan 30, 2020;10:45 PM;1,230;354;1,351;8,875;0;47;1,538;1,462;583;782;39;389
Jan 30, 2020;11:00 PM;1,229;361;1,349;8,849;0;46;1,476;1,511;502;757;114;387
Jan 30, 2020;11:15 PM;1,229;359;1,350;8,983;0;44;1,451;1,495;491;737;31;382
Jan 30, 2020;11:30 PM;1,230;353;1,348;9,105;0;41;1,446;1,470;486;685;19;376
Jan 30, 2020;11:45 PM;1,227;350;1,353;9,189;0;40;1,454;1,418;470;635;15;374
Jan 31, 2020;12:00 AM;1,223;355;1,356;9,246;0;40;1,475;1,275;441;543;29;365
Jan 31, 2020;12:15 AM;1,226;359;1,357;9,309;0;40;1,468;1,230;432;538;17;365
Jan 31, 2020;12:30 AM;1,225;355;1,359;9,423;0;40;1,459;1,233;434;539;11;365
Jan 31, 2020;12:45 AM;1,224;345;1,361;9,462;0;40;1,422;1,230;435;546;22;365
Jan 31, 2020;1:00 AM;1,219;347;1,363;9,493;0;40;1,398;1,244;438;531;25;365
Jan 31, 2020;1:15 AM;1,214;346;1,363;9,438;0;40;1,374;1,195;438;529;23;366
Jan 31, 2020;1:30 AM;1,220;348;1,363;9,450;0;40;1,371;1,208;440;528;9;366
Jan 31, 2020;1:45 AM;1,216;349;1,362;9,400;0;39;1,367;1,200;443;530;2;365
Jan 31, 2020;2:00 AM;1,215;349;1,361;9,442;0;39;1,361;1,191;445;527;2;362
Jan 31, 2020;2:15 AM;1,216;347;1,359;9,417;0;39;1,340;1,179;445;521;2;362
Jan 31, 2020;2:30 AM;1,216;348;1,357;9,406;0;39;1,334;1,174;443;523;4;362
Jan 31, 2020;2:45 AM;1,215;347;1,358;9,407;0;38;1,301;1,171;444;521;2;362
Jan 31, 2020;3:00 AM;1,212;348;1,359;9,408;0;38;1,287;1,174;441;514;1;361
Jan 31, 2020;3:15 AM;1,213;347;1,360;9,342;0;38;1,289;1,170;444;519;4;361
Jan 31, 2020;3:30 AM;1,214;350;1,359;9,352;0;38;1,316;1,179;444;518;19;361
Jan 31, 2020;3:45 AM;1,211;349;1,361;9,325;0;38;1,352;1,198;440;524;11;360
Jan 31, 2020;4:00 AM;1,211;356;1,360;9,040;0;38;1,369;1,210;445;535;17;361
Jan 31, 2020;4:15 AM;1,211;369;1,361;9,043;0;38;1,407;1,213;444;538;20;361
Jan 31, 2020;4:30 AM;1,211;371;1,364;8,875;0;38;1,433;1,216;464;529;6;361
Jan 31, 2020;4:45 AM;1,210;369;1,364;8,867;0;39;1,455;1,231;478;533;3;363
Jan 31, 2020;5:00 AM;1,212;356;1,365;8,896;0;40;1,481;1,277;534;549;3;365
Jan 31, 2020;5:15 AM;1,207;351;1,364;8,958;0;40;1,533;1,280;593;558;3;365
Jan 31, 2020;5:30 AM;1,205;354;1,362;8,926;0;40;1,605;1,290;615;555;43;365
Jan 31, 2020;5:45 AM;1,203;370;1,364;8,895;0;40;1,657;1,327;630;596;160;367
Jan 31, 2020;6:00 AM;1,206;351;1,295;9,000;0;41;1,688;1,469;643;679;49;380
Jan 31, 2020;6:15 AM;1,203;365;1,237;8,896;0;41;1,727;1,519;668;739;156;380
Jan 31, 2020;6:30 AM;1,204;364;1,233;8,809;0;42;1,747;1,594;715;838;320;381
Jan 31, 2020;6:45 AM;1,194;375;1,232;8,682;0;45;1,767;1,711;803;1,020;396;389
Jan 31, 2020;7:00 AM;1,197;343;1,226;8,550;0;49;1,789;1,792;834;1,107;461;395
Jan 31, 2020;7:15 AM;1,199;351;1,220;8,420;0;49;1,812;1,961;871;1,161;572;397
Jan 31, 2020;7:30 AM;1,196;356;1,202;8,305;1;49;1,828;2,070;896;1,185;856;397
Jan 31, 2020;7:45 AM;1,185;352;1,251;8,181;2;49;1,844;2,129;864;1,206;992;397
Jan 31, 2020;8:00 AM;1,188;346;1,235;8,035;17;49;1,842;2,148;850;1,217;1,050;397
Jan 31, 2020;8:15 AM;1,191;345;1,258;7,947;48;49;1,846;2,149;872;1,222;1,205;397
Jan 31, 2020;8:30 AM;1,190;341;1,337;7,942;107;49;1,842;2,147;882;1,218;1,187;397
Jan 31, 2020;8:45 AM;1,198;334;1,318;7,825;188;49;1,812;2,129;888;1,219;1,177;397
Jan 31, 2020;9:00 AM;1,199;335;1,308;7,699;295;49;1,799;2,106;869;1,215;1,151;397
Jan 31, 2020;9:15 AM;1,196;335;1,362;7,693;429;48;1,795;2,108;841;1,215;1,232;395
Jan 31, 2020;9:30 AM;1,205;332;1,381;7,680;546;48;1,799;2,063;810;1,216;1,110;393
Jan 31, 2020;9:45 AM;1,205;332;1,338;7,734;693;48;1,807;2,031;790;1,209;1,014;393
Jan 31, 2020;10:00 AM;1,208;331;1,398;7,781;822;48;1,816;2,056;759;1,154;932;394
Jan 31, 2020;10:15 AM;1,208;332;1,409;7,690;979;46;1,819;2,066;738;1,148;741;390
Jan 31, 2020;10:30 AM;1,207;333;1,406;7,671;1,132;45;1,819;2,057;731;1,141;775;384
Jan 31, 2020;10:45 AM;1,208;331;1,420;7,740;1,295;44;1,819;2,015;709;1,148;664;383
Jan 31, 2020;11:00 AM;1,216;331;1,418;7,737;1,430;45;1,824;1,996;697;1,112;672;384
Jan 31, 2020;11:15 AM;1,218;329;1,431;7,763;1,555;44;1,822;1,979;717;1,109;611;384
Jan 31, 2020;11:30 AM;1,217;328;1,439;7,831;1,670;44;1,818;1,940;720;1,113;584;384
Jan 31, 2020;11:45 AM;1,219;329;1,453;7,850;1,728;45;1,825;1,887;718;1,131;580;386
Jan 31, 2020;12:00 PM;1,218;329;1,453;7,862;1,781;44;1,846;1,758;718;1,088;669;386
Jan 31, 2020;12:15 PM;1,207;325;1,406;7,963;1,833;44;1,840;1,687;717;1,075;680;386
Jan 31, 2020;12:30 PM;1,197;323;1,326;7,805;1,856;44;1,830;1,613;718;1,062;604;386
Jan 31, 2020;12:45 PM;1,199;323;1,326;7,823;1,847;44;1,823;1,582;731;1,038;584;387
Jan 31, 2020;1:00 PM;1,199;332;1,331;7,742;1,797;45;1,820;1,555;737;1,065;531;387
Jan 31, 2020;1:15 PM;1,207;338;1,331;7,707;1,757;44;1,824;1,576;708;1,080;548;387
Jan 31, 2020;1:30 PM;1,220;336;1,328;7,650;1,680;44;1,828;1,577;708;1,075;411;387
Jan 31, 2020;1:45 PM;1,222;337;1,331;7,492;1,589;44;1,825;1,595;706;1,071;350;387
Jan 31, 2020;2:00 PM;1,225;337;1,331;7,404;1,478;44;1,808;1,692;690;1,093;237;388
Jan 31, 2020;2:15 PM;1,219;335;1,332;7,379;1,345;45;1,804;1,785;675;1,097;266;387
Jan 31, 2020;2:30 PM;1,214;335;1,364;7,166;1,189;44;1,805;1,842;683;1,106;242;387
Jan 31, 2020;2:45 PM;1,213;329;1,411;7,005;1,041;44;1,814;1,910;690;1,117;246;387
Jan 31, 2020;3:00 PM;1,212;324;1,450;6,851;902;44;1,830;2,023;673;1,120;279;382
Jan 31, 2020;3:15 PM;1,206;324;1,454;6,886;739;44;1,836;2,048;671;1,136;258;382
Jan 31, 2020;3:30 PM;1,207;325;1,454;6,812;588;44;1,834;2,111;670;1,142;342;385
Jan 31, 2020;3:45 PM;1,207;328;1,452;6,601;451;44;1,833;2,153;651;1,131;386;383
Jan 31, 2020;4:00 PM;1,215;333;1,453;6,540;333;44;1,840;2,168;626;1,128;243;383
Jan 31, 2020;4:15 PM;1,215;333;1,455;6,492;227;44;1,854;2,171;618;1,133;395;382
Jan 31, 2020;4:30 PM;1,215;332;1,449;6,466;127;44;1,855;2,179;616;1,134;476;379
Jan 31, 2020;4:45 PM;1,213;330;1,442;6,483;48;44;1,855;2,186;662;1,135;626;384
Jan 31, 2020;5:00 PM;1,215;334;1,438;6,586;7;44;1,851;2,189;704;1,146;916;387
Jan 31, 2020;5:15 PM;1,215;336;1,430;6,635;0;44;1,853;2,198;718;1,153;1,045;387
Jan 31, 2020;5:30 PM;1,215;337;1,431;6,703;0;44;1,853;2,211;722;1,147;1,102;387
Jan 31, 2020;5:45 PM;1,213;339;1,407;6,874;0;44;1,853;2,213;717;1,144;1,167;386
Jan 31, 2020;6:00 PM;1,217;329;1,385;6,965;0;44;1,851;2,201;682;1,164;880;386
Jan 31, 2020;6:15 PM;1,217;332;1,376;7,089;0;44;1,850;2,158;635;1,163;630;386
Jan 31, 2020;6:30 PM;1,218;324;1,377;7,179;0;44;1,851;2,157;631;1,150;550;381
Jan 31, 2020;6:45 PM;1,218;328;1,377;7,255;0;44;1,849;2,117;619;1,149;466;383
Jan 31, 2020;7:00 PM;1,215;343;1,362;7,428;0;44;1,838;2,103;608;1,104;725;384
Jan 31, 2020;7:15 PM;1,215;336;1,352;7,561;0;44;1,831;2,051;600;1,109;558;380
Jan 31, 2020;7:30 PM;1,218;328;1,349;7,605;0;44;1,831;2,016;583;1,082;394;385
Jan 31, 2020;7:45 PM;1,214;328;1,350;7,581;0;44;1,829;1,923;564;1,030;329;387
Jan 31, 2020;8:00 PM;1,216;338;1,361;7,569;0;44;1,829;1,849;548;943;489;382
Jan 31, 2020;8:15 PM;1,221;340;1,351;7,611;0;44;1,830;1,783;545;865;323;386
Jan 31, 2020;8:30 PM;1,223;339;1,349;7,651;0;44;1,831;1,710;542;855;149;386
Jan 31, 2020;8:45 PM;1,220;336;1,355;7,743;0;44;1,831;1,520;539;848;103;387
Jan 31, 2020;9:00 PM;1,222;352;1,366;7,639;0;44;1,835;1,324;543;827;325;388
Jan 31, 2020;9:15 PM;1,219;349;1,379;7,649;0;44;1,834;1,302;537;840;290;387
Jan 31, 2020;9:30 PM;1,223;337;1,405;7,719;0;44;1,833;1,279;530;820;97;388
Jan 31, 2020;9:45 PM;1,222;333;1,429;7,783;0;44;1,831;1,221;528;819;87;389
Jan 31, 2020;10:00 PM;1,230;345;1,442;7,542;0;44;1,833;1,163;533;748;268;392
Jan 31, 2020;10:15 PM;1,226;338;1,447;7,582;0;44;1,834;1,153;531;713;145;391
Jan 31, 2020;10:30 PM;1,224;338;1,450;7,526;0;44;1,823;1,154;524;669;123;391
Jan 31, 2020;10:45 PM;1,221;341;1,445;7,517;0;44;1,817;1,151;519;630;81;389
Jan 31, 2020;11:00 PM;1,224;349;1,445;7,527;0;44;1,814;1,107;501;604;143;385
Jan 31, 2020;11:15 PM;1,226;343;1,446;7,606;0;42;1,812;1,089;484;595;77;380
Jan 31, 2020;11:30 PM;1,225;344;1,448;7,616;0;42;1,799;1,080;473;591;20;385
Jan 31, 2020;11:45 PM;1,223;345;1,454;7,655;0;40;1,796;1,072;453;580;19;383
Feb 1, 2020;12:00 AM;1,220;369;1,447;7,693;0;38;1,773;1,067;392;525;18;364
Feb 1, 2020;12:15 AM;1,220;349;1,440;7,738;0;36;1,736;1,062;393;526;35;361
Feb 1, 2020;12:30 AM;1,223;349;1,439;7,736;0;36;1,689;1,047;394;518;35;361
Feb 1, 2020;12:45 AM;1,220;348;1,435;7,778;0;36;1,671;1,013;425;516;39;360
Feb 1, 2020;1:00 AM;1,226;350;1,437;7,800;0;36;1,666;1,009;451;509;56;361
Feb 1, 2020;1:15 AM;1,221;346;1,450;7,830;0;36;1,640;994;467;503;56;359
Feb 1, 2020;1:30 AM;1,211;346;1,453;7,781;0;36;1,610;1,001;452;495;38;360
Feb 1, 2020;1:45 AM;1,222;346;1,452;7,765;0;36;1,627;995;432;500;32;362
Feb 1, 2020;2:00 AM;1,218;346;1,447;7,830;0;36;1,658;997;405;495;33;361
Feb 1, 2020;2:15 AM;1,226;344;1,447;7,878;0;36;1,650;990;388;507;18;360
Feb 1, 2020;2:30 AM;1,225;347;1,446;7,845;0;36;1,651;988;386;508;20;361
Feb 1, 2020;2:45 AM;1,223;345;1,456;7,851;0;36;1,633;980;387;511;19;359
Feb 1, 2020;3:00 AM;1,224;345;1,496;7,846;0;36;1,556;988;388;504;19;358
Feb 1, 2020;3:15 AM;1,224;354;1,500;7,777;0;35;1,512;983;385;506;1;357
Feb 1, 2020;3:30 AM;1,224;359;1,506;7,802;0;35;1,505;984;388;501;1;357
Feb 1, 2020;3:45 AM;1,224;359;1,506;7,830;0;35;1,507;985;391;501;0;360
Feb 1, 2020;4:00 AM;1,223;353;1,532;7,768;0;36;1,509;991;391;487;0;361
Feb 1, 2020;4:15 AM;1,223;346;1,552;7,807;0;35;1,504;984;390;487;0;360
Feb 1, 2020;4:30 AM;1,222;352;1,549;7,800;0;35;1,511;993;391;480;0;357
Feb 1, 2020;4:45 AM;1,221;350;1,547;7,749;0;35;1,519;987;387;499;0;360
Feb 1, 2020;5:00 AM;1,223;350;1,546;7,737;0;35;1,520;1,002;390;502;0;362
Feb 1, 2020;5:15 AM;1,222;351;1,546;7,712;0;35;1,520;1,002;391;496;0;361
Feb 1, 2020;5:30 AM;1,221;350;1,546;7,707;0;35;1,520;1,006;389;489;0;359
Feb 1, 2020;5:45 AM;1,221;351;1,545;7,667;0;35;1,522;1,004;394;500;0;353
Feb 1, 2020;6:00 AM;1,214;353;1,548;7,841;0;35;1,536;996;390;496;0;355
Feb 1, 2020;6:15 AM;1,215;357;1,551;7,889;0;35;1,540;998;390;497;0;328
Feb 1, 2020;6:30 AM;1,214;350;1,552;7,827;0;35;1,549;1,004;392;497;1;279
Feb 1, 2020;6:45 AM;1,212;374;1,551;7,774;0;35;1,578;1,001;396;507;2;278
Feb 1, 2020;7:00 AM;1,211;349;1,551;7,654;0;35;1,606;1,000;400;506;52;282
Feb 1, 2020;7:15 AM;1,211;357;1,550;7,654;0;35;1,637;999;402;511;134;282
Feb 1, 2020;7:30 AM;1,207;379;1,532;7,670;1;35;1,673;998;409;512;217;282
Feb 1, 2020;7:45 AM;1,208;376;1,520;7,615;7;35;1,728;993;412;537;358;283
Feb 1, 2020;8:00 AM;1,216;355;1,521;7,574;77;35;1,770;1,001;400;544;542;283
Feb 1, 2020;8:15 AM;1,217;351;1,524;7,511;167;35;1,803;999;396;565;547;282
Feb 1, 2020;8:30 AM;1,217;351;1,521;7,421;267;36;1,826;998;397;598;603;284
Feb 1, 2020;8:45 AM;1,218;353;1,521;7,420;382;39;1,838;994;406;663;622;290
Feb 1, 2020;9:00 AM;1,213;351;1,519;7,395;542;41;1,879;997;407;676;676;304
Feb 1, 2020;9:15 AM;1,209;352;1,518;7,313;709;41;1,929;1,001;408;679;675;351
Feb 1, 2020;9:30 AM;1,217;353;1,518;7,299;889;41;1,956;1,008;420;672;728;369
Feb 1, 2020;9:45 AM;1,217;352;1,523;7,274;1,066;41;1,962;1,008;421;683;746;375
Feb 1, 2020;10:00 AM;1,215;350;1,523;7,246;1,214;43;1,961;1,003;420;695;722;380
Feb 1, 2020;10:15 AM;1,213;361;1,517;7,240;1,345;43;1,958;1,003;421;698;712;380
Feb 1, 2020;10:30 AM;1,212;354;1,509;7,227;1,467;43;1,960;1,006;420;695;708;382
Feb 1, 2020;10:45 AM;1,213;354;1,508;7,193;1,574;43;1,911;1,008;421;702;740;383
Feb 1, 2020;11:00 AM;1,215;357;1,513;7,147;1,681;40;1,797;1,011;421;679;775;377
Feb 1, 2020;11:15 AM;1,212;354;1,489;7,136;1,724;39;1,721;1,005;422;676;822;374
Feb 1, 2020;11:30 AM;1,211;350;1,481;7,151;1,740;39;1,709;1,009;421;674;915;375
Feb 1, 2020;11:45 AM;1,211;351;1,493;7,189;1,731;39;1,732;1,009;422;674;791;375
Feb 1, 2020;12:00 PM;1,217;356;1,510;7,229;1,715;37;1,750;1,005;419;651;860;372
Feb 1, 2020;12:15 PM;1,215;356;1,517;7,258;1,650;36;1,749;1,004;415;644;814;369
Feb 1, 2020;12:30 PM;1,212;358;1,519;7,305;1,583;36;1,756;1,002;415;637;793;368
Feb 1, 2020;12:45 PM;1,209;356;1,514;7,383;1,477;36;1,789;996;415;641;646;368
Feb 1, 2020;1:00 PM;1,214;356;1,516;7,450;1,380;36;1,823;1,004;418;642;448;368
Feb 1, 2020;1:15 PM;1,216;349;1,519;7,532;1,272;36;1,840;1,007;416;653;316;369
Feb 1, 2020;1:30 PM;1,221;349;1,515;7,595;1,133;36;1,848;1,003;415;648;247;369
Feb 1, 2020;1:45 PM;1,219;346;1,512;7,693;1,007;36;1,848;1,005;413;652;143;368
Feb 1, 2020;2:00 PM;1,221;345;1,512;7,701;910;36;1,848;1,004;413;646;30;368
Feb 1, 2020;2:15 PM;1,221;342;1,510;7,730;795;36;1,826;1,000;413;645;59;368
Feb 1, 2020;2:30 PM;1,216;352;1,479;7,755;682;36;1,822;1,005;414;639;39;368
Feb 1, 2020;2:45 PM;1,221;351;1,434;7,855;578;36;1,829;1,000;411;649;63;368
Feb 1, 2020;3:00 PM;1,224;358;1,425;7,931;514;36;1,876;1,000;400;650;174;368
Feb 1, 2020;3:15 PM;1,222;353;1,418;7,896;422;36;1,928;1,003;396;648;157;368
Feb 1, 2020;3:30 PM;1,223;356;1,403;7,954;340;36;1,962;1,003;400;650;256;368
Feb 1, 2020;3:45 PM;1,218;351;1,409;7,898;255;38;1,964;1,003;405;660;145;373
Feb 1, 2020;4:00 PM;1,227;346;1,439;7,940;182;40;1,962;1,000;413;686;154;378
Feb 1, 2020;4:15 PM;1,227;347;1,455;8,051;118;40;1,961;1,003;396;682;201;378
Feb 1, 2020;4:30 PM;1,223;349;1,463;8,138;66;40;1,965;998;400;686;188;378
Feb 1, 2020;4:45 PM;1,222;346;1,467;8,273;28;42;1,962;1,015;402;717;278;383
Feb 1, 2020;5:00 PM;1,222;349;1,460;8,374;6;44;1,948;1,018;397;731;456;384
Feb 1, 2020;5:15 PM;1,220;351;1,448;8,405;0;44;1,965;1,017;398;710;483;384
Feb 1, 2020;5:30 PM;1,221;349;1,453;8,366;0;44;1,966;1,022;400;658;794;384
Feb 1, 2020;5:45 PM;1,222;353;1,460;8,445;0;44;1,957;1,011;401;629;936;384
Feb 1, 2020;6:00 PM;1,221;353;1,467;8,599;0;44;1,943;1,020;407;591;1,207;384
Feb 1, 2020;6:15 PM;1,225;351;1,470;8,705;0;44;1,945;1,016;409;592;1,162;384
Feb 1, 2020;6:30 PM;1,223;350;1,471;8,778;0;44;1,947;1,019;410;595;1,052;384
Feb 1, 2020;6:45 PM;1,223;350;1,471;8,809;0;44;1,947;1,020;421;597;1,025;384
Feb 1, 2020;7:00 PM;1,227;354;1,472;8,859;0;44;1,942;1,007;435;599;748;384
Feb 1, 2020;7:15 PM;1,228;360;1,470;8,949;0;44;1,915;1,003;432;593;587;383
Feb 1, 2020;7:30 PM;1,227;352;1,469;9,070;0;41;1,881;1,011;432;569;477;378
Feb 1, 2020;7:45 PM;1,225;356;1,432;9,222;0;38;1,844;1,010;430;545;464;370
Feb 1, 2020;8:00 PM;1,228;361;1,394;9,318;0;36;1,798;1,011;410;531;101;365
Feb 1, 2020;8:15 PM;1,231;358;1,394;9,355;0;36;1,746;1,005;388;525;55;365
Feb 1, 2020;8:30 PM;1,228;359;1,394;9,402;0;36;1,682;1,006;381;520;67;365
Feb 1, 2020;8:45 PM;1,224;367;1,395;9,461;0;36;1,568;1,009;379;508;43;365
Feb 1, 2020;9:00 PM;1,224;356;1,393;9,492;0;36;1,532;1,012;383;472;136;364
Feb 1, 2020;9:15 PM;1,223;350;1,393;9,469;0;36;1,509;1,013;380;476;47;364
Feb 1, 2020;9:30 PM;1,224;350;1,393;9,336;0;36;1,490;1,014;379;476;38;365
Feb 1, 2020;9:45 PM;1,222;348;1,392;9,319;0;36;1,476;1,041;379;475;35;365
Feb 1, 2020;10:00 PM;1,224;350;1,393;9,137;0;36;1,484;1,075;382;482;86;366
Feb 1, 2020;10:15 PM;1,220;347;1,391;9,200;0;36;1,456;1,087;380;481;87;366
Feb 1, 2020;10:30 PM;1,219;347;1,392;9,239;0;36;1,456;1,095;375;481;36;366
Feb 1, 2020;10:45 PM;1,216;346;1,392;9,179;0;36;1,459;1,116;376;480;23;366
Feb 1, 2020;11:00 PM;1,222;360;1,124;8,953;0;36;1,461;1,139;377;480;221;365
Feb 1, 2020;11:15 PM;1,223;358;1,079;8,899;0;36;1,438;1,138;374;483;145;365
Feb 1, 2020;11:30 PM;1,224;358;1,054;8,716;0;36;1,417;1,017;371;478;202;365
Feb 1, 2020;11:45 PM;1,217;353;1,103;8,553;0;36;1,409;1,008;354;478;187;365
Feb 2, 2020;12:00 AM;1,214;353;1,070;8,704;0;36;1,407;1,014;311;479;79;280
Feb 2, 2020;12:15 AM;1,217;363;1,028;8,786;0;36;1,410;1,003;307;468;17;280
Feb 2, 2020;12:30 AM;1,212;363;980;8,714;0;36;1,412;1,010;306;469;32;280
Feb 2, 2020;12:45 AM;1,214;362;948;8,605;0;36;1,410;1,010;306;471;17;280
Feb 2, 2020;1:00 AM;1,210;361;936;8,577;0;36;1,408;1,016;308;467;10;280
Feb 2, 2020;1:15 AM;1,207;360;909;8,567;0;36;1,394;1,030;310;470;11;280
Feb 2, 2020;1:30 AM;1,210;370;838;8,499;0;36;1,408;1,024;311;476;19;280
Feb 2, 2020;1:45 AM;1,210;360;831;8,515;0;36;1,402;1,038;308;475;11;280
Feb 2, 2020;2:00 AM;1,209;368;786;8,515;0;36;1,414;1,064;305;481;13;280
Feb 2, 2020;2:15 AM;1,211;364;797;8,374;0;36;1,415;1,076;307;473;22;280
Feb 2, 2020;2:30 AM;1,213;370;789;8,335;0;36;1,415;1,057;305;469;44;280
Feb 2, 2020;2:45 AM;1,209;361;753;8,280;0;36;1,418;1,052;273;470;28;280
Feb 2, 2020;3:00 AM;1,211;361;817;8,111;0;36;1,417;1,058;224;467;21;280
Feb 2, 2020;3:15 AM;1,207;364;786;8,089;0;36;1,438;1,053;222;471;32;280
Feb 2, 2020;3:30 AM;1,206;356;778;8,159;0;36;1,462;1,059;222;463;12;280
Feb 2, 2020;3:45 AM;1,207;360;799;8,054;0;36;1,470;1,057;222;464;15;280
Feb 2, 2020;4:00 AM;1,206;365;833;7,919;0;36;1,491;1,061;220;461;11;280
Feb 2, 2020;4:15 AM;1,206;365;920;7,896;0;36;1,499;1,067;218;463;16;280
Feb 2, 2020;4:30 AM;1,207;367;964;7,880;0;36;1,516;1,066;219;462;20;280
Feb 2, 2020;4:45 AM;1,204;369;974;7,860;0;36;1,539;1,068;221;465;20;280
Feb 2, 2020;5:00 AM;1,204;369;934;7,727;0;36;1,558;1,065;221;458;20;280
Feb 2, 2020;5:15 AM;1,201;364;896;7,599;0;36;1,561;1,072;220;469;23;280
Feb 2, 2020;5:30 AM;1,207;361;862;7,476;0;36;1,574;1,079;221;476;71;278
Feb 2, 2020;5:45 AM;1,204;360;838;7,379;0;36;1,585;1,069;220;487;82;278
Feb 2, 2020;6:00 AM;1,208;356;858;7,160;0;36;1,617;1,078;221;496;15;278
Feb 2, 2020;6:15 AM;1,206;358;856;7,031;0;36;1,667;1,065;222;501;4;278
Feb 2, 2020;6:30 AM;1,195;356;796;6,938;0;36;1,731;1,063;222;500;1;278
Feb 2, 2020;6:45 AM;1,187;346;750;6,880;0;37;1,750;1,071;227;510;13;280
Feb 2, 2020;7:00 AM;1,179;342;865;6,747;0;38;1,762;1,058;230;522;3;285
Feb 2, 2020;7:15 AM;1,200;345;874;6,760;0;38;1,791;1,056;231;527;13;285
Feb 2, 2020;7:30 AM;1,205;349;842;6,654;1;38;1,875;1,062;233;527;53;286
Feb 2, 2020;7:45 AM;1,205;350;795;6,506;6;39;1,905;1,080;235;557;127;289
Feb 2, 2020;8:00 AM;1,208;347;757;6,337;47;40;1,923;1,156;236;613;24;290
Feb 2, 2020;8:15 AM;1,210;349;700;6,204;105;40;1,951;1,187;240;615;6;290
Feb 2, 2020;8:30 AM;1,207;351;610;6,001;178;39;1,958;1,227;232;613;16;289
Feb 2, 2020;8:45 AM;1,209;349;581;5,867;266;41;1,973;1,256;229;626;82;292
Feb 2, 2020;9:00 AM;1,209;348;554;5,724;360;42;1,978;1,333;227;627;65;294
Feb 2, 2020;9:15 AM;1,202;348;524;5,486;453;42;1,986;1,425;230;638;69;294
Feb 2, 2020;9:30 AM;1,203;352;519;5,315;539;42;1,988;1,474;230;631;102;293
Feb 2, 2020;9:45 AM;1,204;356;510;5,213;597;44;1,988;1,548;231;644;215;297
Feb 2, 2020;10:00 AM;1,207;355;457;5,104;628;44;1,991;1,627;232;664;156;299
Feb 2, 2020;10:15 AM;1,206;352;432;4,969;653;46;1,994;1,686;231;678;199;302
Feb 2, 2020;10:30 AM;1,199;352;400;4,833;714;47;1,996;1,712;233;684;339;304
Feb 2, 2020;10:45 AM;1,180;350;402;4,742;759;47;1,996;1,749;235;692;555;304
Feb 2, 2020;11:00 AM;1,151;344;402;4,605;781;47;2,002;1,790;239;688;589;304
Feb 2, 2020;11:15 AM;1,147;345;379;4,463;747;47;2,003;1,850;250;694;794;304
Feb 2, 2020;11:30 AM;1,164;352;362;4,345;776;47;2,003;1,877;253;686;1,102;304
Feb 2, 2020;11:45 AM;1,164;362;343;4,190;749;47;2,003;1,904;254;702;1,128;304
Feb 2, 2020;12:00 PM;1,164;349;318;4,087;753;47;2,003;1,939;261;722;633;304
Feb 2, 2020;12:15 PM;1,163;350;304;3,929;768;47;2,004;1,939;263;741;575;305
Feb 2, 2020;12:30 PM;626;351;296;3,805;765;47;2,003;1,946;259;745;624;305
Feb 2, 2020;12:45 PM;1,168;350;291;3,734;767;47;2,003;1,962;256;774;486;305
Feb 2, 2020;1:00 PM;1,191;354;282;3,673;732;47;2,003;1,964;256;779;175;305
Feb 2, 2020;1:15 PM;1,190;354;277;3,595;717;47;2,003;1,969;254;831;93;306
Feb 2, 2020;1:30 PM;1,188;362;267;3,460;661;47;2,003;1,965;241;829;139;306
Feb 2, 2020;1:45 PM;1,190;363;263;3,384;600;47;2,003;1,959;240;837;115;305
Feb 2, 2020;2:00 PM;1,187;364;261;3,328;567;47;2,003;1,959;233;831;225;308
Feb 2, 2020;2:15 PM;1,196;366;258;3,311;535;47;2,003;1,965;233;837;245;308
Feb 2, 2020;2:30 PM;1,201;365;254;3,332;480;47;2,003;1,961;226;830;345;308
Feb 2, 2020;2:45 PM;1,211;373;251;3,341;430;47;2,003;1,954;225;839;297;308
Feb 2, 2020;3:00 PM;1,209;382;246;3,374;373;47;2,002;1,945;228;841;357;308
Feb 2, 2020;3:15 PM;1,209;383;241;3,383;313;47;2,002;1,936;226;847;450;309
Feb 2, 2020;3:30 PM;1,211;390;228;3,417;242;47;2,001;1,948;223;836;452;309
Feb 2, 2020;3:45 PM;1,211;386;224;3,450;192;47;2,001;1,944;224;845;423;308
Feb 2, 2020;4:00 PM;1,215;374;221;3,547;136;47;2,000;1,952;228;841;598;308
Feb 2, 2020;4:15 PM;1,212;363;212;3,662;87;47;2,000;1,956;234;845;616;309
Feb 2, 2020;4:30 PM;1,211;365;209;3,735;49;47;2,000;1,953;238;839;811;309
Feb 2, 2020;4:45 PM;1,215;374;213;3,764;21;47;2,000;1,957;240;863;911;309
Feb 2, 2020;5:00 PM;1,212;373;207;3,790;5;47;1,998;1,958;239;885;732;310
Feb 2, 2020;5:15 PM;1,214;385;208;3,808;0;47;2,000;1,957;240;890;1,056;310
Feb 2, 2020;5:30 PM;1,221;384;203;3,850;0;47;1,999;1,957;239;887;1,319;310
Feb 2, 2020;5:45 PM;1,227;376;198;3,912;0;47;1,999;1,960;240;895;1,419;310
Feb 2, 2020;6:00 PM;1,230;412;186;3,978;0;47;1,998;1,959;242;895;1,432;311
Feb 2, 2020;6:15 PM;1,231;414;185;4,078;0;47;1,998;1,954;244;902;1,378;311
Feb 2, 2020;6:30 PM;1,231;412;175;4,195;0;47;1,998;1,959;254;902;1,308;311
Feb 2, 2020;6:45 PM;1,228;388;143;4,307;0;47;1,997;1,960;244;908;1,270;311
Feb 2, 2020;7:00 PM;1,235;376;122;4,362;0;47;1,996;1,957;241;904;1,172;311
Feb 2, 2020;7:15 PM;1,235;394;128;4,413;0;47;1,995;1,956;241;918;934;312
Feb 2, 2020;7:30 PM;1,237;377;128;4,526;0;47;1,994;1,959;235;912;765;313
Feb 2, 2020;7:45 PM;1,234;394;141;4,596;0;47;1,991;1,953;233;920;611;313
Feb 2, 2020;8:00 PM;1,239;450;138;4,677;0;47;1,994;1,937;231;891;991;312
Feb 2, 2020;8:15 PM;1,238;420;148;4,765;0;47;1,995;1,919;227;904;825;312
Feb 2, 2020;8:30 PM;1,240;390;160;4,809;0;47;1,995;1,884;227;897;607;312
Feb 2, 2020;8:45 PM;1,237;385;174;4,907;0;47;1,994;1,841;228;888;568;312
Feb 2, 2020;9:00 PM;1,234;422;186;4,958;0;47;1,995;1,790;246;850;416;312
Feb 2, 2020;9:15 PM;1,236;395;198;5,002;0;47;1,996;1,767;253;864;398;312
Feb 2, 2020;9:30 PM;1,232;391;212;5,025;0;47;1,996;1,794;258;855;352;312
Feb 2, 2020;9:45 PM;1,229;391;267;5,036;0;47;1,996;1,785;258;857;256;312
Feb 2, 2020;10:00 PM;1,228;404;324;4,999;0;47;1,996;1,725;257;841;123;312
Feb 2, 2020;10:15 PM;1,228;394;423;5,010;0;47;1,997;1,709;257;843;29;312
Feb 2, 2020;10:30 PM;1,229;395;529;4,982;0;47;1,998;1,695;257;841;31;312
Feb 2, 2020;10:45 PM;1,229;430;592;4,981;0;47;1,997;1,619;255;833;22;311
Feb 2, 2020;11:00 PM;1,223;452;608;4,915;0;45;1,993;1,444;252;815;90;307
Feb 2, 2020;11:15 PM;1,223;445;557;4,892;0;45;1,987;1,393;252;782;27;307
Feb 2, 2020;11:30 PM;1,224;486;515;4,900;0;45;1,983;1,371;250;728;70;307
Feb 2, 2020;11:45 PM;1,226;476;487;4,893;0;45;1,983;1,318;246;686;50;306
Feb 3, 2020;12:00 AM;1,217;496;403;4,864;0;43;1,996;1,230;227;679;89;301
Feb 3, 2020;12:15 AM;1,221;444;397;4,781;0;43;1,998;1,244;214;689;75;301
Feb 3, 2020;12:30 AM;1,221;426;425;4,777;0;43;1,993;1,250;212;690;24;301
Feb 3, 2020;12:45 AM;1,221;420;510;4,720;0;43;1,995;1,269;208;682;12;346
Feb 3, 2020;1:00 AM;1,211;422;622;4,682;0;43;1,996;1,337;208;682;8;361
Feb 3, 2020;1:15 AM;1,207;424;772;4,653;0;43;1,997;1,341;206;675;9;313
Feb 3, 2020;1:30 AM;1,214;429;816;4,636;0;43;1,996;1,346;213;666;9;301
Feb 3, 2020;1:45 AM;1,212;429;803;4,654;0;43;1,996;1,334;211;647;8;301
Feb 3, 2020;2:00 AM;1,213;434;734;4,658;0;43;1,985;1,271;207;598;9;383
Feb 3, 2020;2:15 AM;1,214;434;708;4,725;0;43;1,980;1,260;208;602;8;383
Feb 3, 2020;2:30 AM;1,215;440;650;4,795;0;43;1,980;1,231;207;601;9;383
Feb 3, 2020;2:45 AM;1,211;441;645;4,859;0;43;1,980;1,222;209;610;9;383
Feb 3, 2020;3:00 AM;1,212;469;632;4,970;0;43;1,987;1,233;210;621;33;383
Feb 3, 2020;3:15 AM;1,208;466;648;5,126;0;43;1,988;1,235;210;634;17;383
Feb 3, 2020;3:30 AM;1,208;459;679;5,227;0;43;1,987;1,237;209;634;10;383
Feb 3, 2020;3:45 AM;1,207;463;725;5,283;0;43;1,977;1,244;213;625;9;383
Feb 3, 2020;4:00 AM;1,210;469;801;5,340;0;43;1,968;1,287;215;626;8;382
Feb 3, 2020;4:15 AM;1,207;472;896;5,296;0;43;1,974;1,283;218;620;8;383
Feb 3, 2020;4:30 AM;1,209;479;1,003;5,318;0;43;1,947;1,250;221;630;12;382
Feb 3, 2020;4:45 AM;1,210;472;1,129;5,309;0;43;1,935;1,220;237;638;10;382
Feb 3, 2020;5:00 AM;1,210;479;1,208;5,213;0;43;1,913;1,214;262;657;9;384
Feb 3, 2020;5:15 AM;1,207;488;1,262;5,218;0;43;1,909;1,250;298;695;10;384
Feb 3, 2020;5:30 AM;1,205;505;1,287;5,273;0;43;1,911;1,310;315;744;12;384
Feb 3, 2020;5:45 AM;1,207;496;1,277;5,382;0;43;1,926;1,356;341;800;10;382
Feb 3, 2020;6:00 AM;1,207;503;1,267;5,833;0;45;1,935;1,406;355;864;18;396
Feb 3, 2020;6:15 AM;1,204;502;1,261;6,010;0;45;1,929;1,522;382;912;22;397
Feb 3, 2020;6:30 AM;1,204;503;1,246;6,068;0;45;1,966;1,609;392;971;41;397
Feb 3, 2020;6:45 AM;1,205;513;1,237;6,153;0;45;1,970;1,749;387;1,098;116;397
Feb 3, 2020;7:00 AM;1,206;506;1,227;6,237;0;46;1,996;1,867;423;1,185;616;401
Feb 3, 2020;7:15 AM;1,208;523;1,239;6,295;0;48;1,999;1,954;437;1,202;873;405
Feb 3, 2020;7:30 AM;1,202;516;1,243;6,267;0;48;1,998;1,932;438;1,213;1,072;402
Feb 3, 2020;7:45 AM;1,203;513;1,227;6,217;4;48;1,998;1,976;450;1,236;1,158;402
Feb 3, 2020;8:00 AM;1,203;530;1,227;6,180;16;48;1,998;2,140;509;1,284;1,330;400
Feb 3, 2020;8:15 AM;1,206;548;1,232;6,108;40;48;1,999;2,269;515;1,290;1,386;400
Feb 3, 2020;8:30 AM;1,191;540;1,235;6,120;77;48;1,999;2,347;513;1,289;1,289;400
Feb 3, 2020;8:45 AM;1,202;518;1,239;6,088;125;48;1,997;2,382;517;1,289;1,099;400
Feb 3, 2020;9:00 AM;1,219;530;1,247;6,107;190;48;1,982;2,404;524;1,307;1,187;401
Feb 3, 2020;9:15 AM;1,201;518;1,240;6,103;282;48;1,978;2,424;524;1,316;1,115;401
Feb 3, 2020;9:30 AM;1,184;504;1,247;6,162;372;48;1,977;2,434;524;1,310;1,095;401
Feb 3, 2020;9:45 AM;1,189;501;1,256;6,223;466;48;1,969;2,403;525;1,307;937;401
Feb 3, 2020;10:00 AM;1,187;500;1,253;6,281;558;48;1,976;2,314;526;1,312;824;401
Feb 3, 2020;10:15 AM;1,186;504;1,268;6,345;643;48;1,977;2,294;526;1,309;752;401
Feb 3, 2020;10:30 AM;1,189;499;1,263;6,470;731;48;1,975;2,295;527;1,306;693;401
Feb 3, 2020;10:45 AM;1,189;495;1,249;6,535;821;48;1,975;2,288;508;1,308;585;401
Feb 3, 2020;11:00 AM;1,175;493;1,235;6,598;873;48;1,974;2,300;437;1,303;390;401
Feb 3, 2020;11:15 AM;1,169;492;1,212;6,544;961;48;1,975;2,284;429;1,304;290;401
Feb 3, 2020;11:30 AM;1,173;496;1,224;6,596;1,028;48;1,975;2,265;426;1,304;296;401
Feb 3, 2020;11:45 AM;1,175;500;1,241;6,637;1,067;48;1,973;2,241;423;1,308;238;401
Feb 3, 2020;12:00 PM;1,178;529;1,211;6,724;1,125;47;1,965;2,161;416;1,297;340;400
Feb 3, 2020;12:15 PM;1,172;530;1,177;6,821;1,143;47;1,954;2,146;413;1,303;380;400
Feb 3, 2020;12:30 PM;1,179;521;1,189;6,858;1,137;47;1,954;2,134;417;1,301;385;400
Feb 3, 2020;12:45 PM;1,175;504;1,193;6,916;1,081;47;1,945;2,116;423;1,299;296;400
Feb 3, 2020;1:00 PM;1,179;500;1,197;6,996;1,052;47;1,933;2,127;430;1,294;358;399
Feb 3, 2020;1:15 PM;1,175;502;1,204;6,991;1,014;47;1,928;2,101;430;1,294;359;399
Feb 3, 2020;1:30 PM;1,177;492;1,208;7,074;980;47;1,925;2,094;424;1,289;173;399
Feb 3, 2020;1:45 PM;1,176;487;1,213;7,157;905;47;1,900;2,071;421;1,288;125;399
Feb 3, 2020;2:00 PM;1,181;496;1,208;7,236;836;47;1,911;2,130;412;1,281;137;398
Feb 3, 2020;2:15 PM;1,181;494;1,164;7,267;766;47;1,913;2,143;425;1,281;195;398
Feb 3, 2020;2:30 PM;1,179;493;1,162;7,251;692;47;1,903;2,127;438;1,274;226;394
Feb 3, 2020;2:45 PM;1,179;506;1,165;7,218;594;47;1,895;2,148;463;1,279;216;391
Feb 3, 2020;3:00 PM;1,180;528;1,164;7,258;501;47;1,880;2,170;466;1,294;241;392
Feb 3, 2020;3:15 PM;1,178;499;1,162;7,188;432;47;1,879;2,224;485;1,296;191;391
Feb 3, 2020;3:30 PM;1,177;488;1,162;7,256;341;47;1,880;2,250;499;1,300;192;392
Feb 3, 2020;3:45 PM;1,178;490;1,164;7,128;284;47;1,880;2,295;506;1,305;175;393
Feb 3, 2020;4:00 PM;1,181;480;1,166;7,061;221;47;1,875;2,372;520;1,301;131;397
Feb 3, 2020;4:15 PM;-;-;1,166;-;-;-;-;-;-;-;-;-
Feb 3, 2020;4:30 PM;-;-;1,164;-;-;-;-;-;-;-;-;-
Feb 3, 2020;4:45 PM;-;-;-;-;-;-;-;-;-;-;-;-
Feb 3, 2020;5:00 PM;-;-;-;-;-;-;-;-;-;-;-;-
Feb 3, 2020;5:15 PM;-;-;-;-;-;-;-;-;-;-;-;-
Feb 3, 2020;5:30 PM;-;-;-;-;-;-;-;-;-;-;-;-
Feb 3, 2020;5:45 PM;-;-;-;-;-;-;-;-;-;-;-;-
Feb 3, 2020;6:00 PM;-;-;-;-;-;-;-;-;-;-;-;-
Feb 3, 2020;6:15 PM;-;-;-;-;-;-;-;-;-;-;-;-
Feb 3, 2020;6:30 PM;-;-;-;-;-;-;-;-;-;-;-;-
Feb 3, 2020;6:45 PM;-;-;-;-;-;-;-;-;-;-;-;-
Feb 3, 2020;7:00 PM;-;-;-;-;-;-;-;-;-;-;-;-
Feb 3, 2020;7:15 PM;-;-;-;-;-;-;-;-;-;-;-;-
Feb 3, 2020;7:30 PM;-;-;-;-;-;-;-;-;-;-;-;-
Feb 3, 2020;7:45 PM;-;-;-;-;-;-;-;-;-;-;-;-
Feb 3, 2020;8:00 PM;-;-;-;-;-;-;-;-;-;-;-;-
Feb 3, 2020;8:15 PM;-;-;-;-;-;-;-;-;-;-;-;-
Feb 3, 2020;8:30 PM;-;-;-;-;-;-;-;-;-;-;-;-
Feb 3, 2020;8:45 PM;-;-;-;-;-;-;-;-;-;-;-;-
Feb 3, 2020;9:00 PM;-;-;-;-;-;-;-;-;-;-;-;-
Feb 3, 2020;9:15 PM;-;-;-;-;-;-;-;-;-;-;-;-
Feb 3, 2020;9:30 PM;-;-;-;-;-;-;-;-;-;-;-;-
Feb 3, 2020;9:45 PM;-;-;-;-;-;-;-;-;-;-;-;-
Feb 3, 2020;10:00 PM;-;-;-;-;-;-;-;-;-;-;-;-
Feb 3, 2020;10:15 PM;-;-;-;-;-;-;-;-;-;-;-;-
Feb 3, 2020;10:30 PM;-;-;-;-;-;-;-;-;-;-;-;-
Feb 3, 2020;10:45 PM;-;-;-;-;-;-;-;-;-;-;-;-
Feb 3, 2020;11:00 PM;-;-;-;-;-;-;-;-;-;-;-;-
Feb 3, 2020;11:15 PM;-;-;-;-;-;-;-;-;-;-;-;-
Feb 3, 2020;11:30 PM;-;-;-;-;-;-;-;-;-;-;-;-
Feb 3, 2020;11:45 PM;-;-;-;-;-;-;-;-;-;-;-;-
